game_id,hometeam,visteam,site,home_team_distance_km,away_team_distance_km
PIT202404050,PIT,BAL,PIT08,0.0,0.0
PIT202404060,PIT,BAL,PIT08,0.0,0.0
PIT202404070,PIT,BAL,PIT08,0.0,0.0
PIT202404080,PIT,DET,PIT08,0.0,0.0
PIT202404090,PIT,DET,PIT08,0.0,0.0
PIT202404190,PIT,BOS,PIT08,0.0,0.0
PIT202404200,PIT,BOS,PIT08,0.0,0.0
PIT202404210,PIT,BOS,PIT08,0.0,0.0
PIT202404220,PIT,MIL,PIT08,0.0,0.0
PIT202404230,PIT,MIL,PIT08,0.0,0.0
PIT202404240,PIT,MIL,PIT08,0.0,0.0
PIT202404250,PIT,MIL,PIT08,0.0,0.0
PIT202405030,PIT,COL,PIT08,0.0,0.0
PIT202405040,PIT,COL,PIT08,0.0,0.0
PIT202405050,PIT,COL,PIT08,0.0,0.0
PIT202405060,PIT,ANA,PIT08,0.0,0.0
PIT202405070,PIT,ANA,PIT08,0.0,0.0
PIT202405080,PIT,ANA,PIT08,0.0,0.0
PIT202405100,PIT,CHN,PIT08,0.0,0.0
PIT202405110,PIT,CHN,PIT08,0.0,0.0
PIT202405120,PIT,CHN,PIT08,0.0,0.0
PIT202405210,PIT,SFN,PIT08,0.0,0.0
PIT202405220,PIT,SFN,PIT08,0.0,0.0
PIT202405230,PIT,SFN,PIT08,0.0,0.0
PIT202405240,PIT,ATL,PIT08,0.0,0.0
PIT202405250,PIT,ATL,PIT08,0.0,0.0
PIT202405260,PIT,ATL,PIT08,0.0,0.0
PIT202406040,PIT,LAN,PIT08,0.0,0.0
PIT202406050,PIT,LAN,PIT08,0.0,0.0
PIT202406060,PIT,LAN,PIT08,0.0,0.0
PIT202406070,PIT,MIN,PIT08,0.0,0.0
PIT202406080,PIT,MIN,PIT08,0.0,0.0
PIT202406090,PIT,MIN,PIT08,0.0,0.0
PIT202406170,PIT,CIN,PIT08,0.0,0.0
PIT202406180,PIT,CIN,PIT08,0.0,0.0
PIT202406190,PIT,CIN,PIT08,0.0,0.0
PIT202406210,PIT,TBA,PIT08,0.0,0.0
PIT202406220,PIT,TBA,PIT08,0.0,0.0
PIT202406230,PIT,TBA,PIT08,0.0,0.0
PIT202407020,PIT,SLN,PIT08,0.0,0.0
PIT202407030,PIT,SLN,PIT08,0.0,0.0
PIT202407040,PIT,SLN,PIT08,0.0,0.0
PIT202407050,PIT,NYN,PIT08,0.0,0.0
PIT202407060,PIT,NYN,PIT08,0.0,0.0
PIT202407070,PIT,NYN,PIT08,0.0,0.0
PIT202407080,PIT,NYN,PIT08,0.0,0.0
PIT202407190,PIT,PHI,PIT08,0.0,0.0
PIT202407200,PIT,PHI,PIT08,0.0,0.0
PIT202407210,PIT,PHI,PIT08,0.0,0.0
PIT202407220,PIT,SLN,PIT08,0.0,0.0
PIT202407230,PIT,SLN,PIT08,0.0,0.0
PIT202407240,PIT,SLN,PIT08,0.0,0.0
PIT202408020,PIT,ARI,PIT08,0.0,0.0
PIT202408030,PIT,ARI,PIT08,0.0,0.0
PIT202408040,PIT,ARI,PIT08,0.0,0.0
PIT202408060,PIT,SDN,PIT08,0.0,0.0
PIT202408070,PIT,SDN,PIT08,0.0,0.0
PIT202408080,PIT,SDN,PIT08,0.0,0.0
PIT202408160,PIT,SEA,PIT08,0.0,0.0
PIT202408170,PIT,SEA,PIT08,0.0,0.0
PIT202408180,PIT,SEA,PIT08,0.0,0.0
PIT202408220,PIT,CIN,PIT08,0.0,0.0
PIT202408230,PIT,CIN,PIT08,0.0,0.0
PIT202408240,PIT,CIN,PIT08,0.0,0.0
PIT202408250,PIT,CIN,PIT08,0.0,0.0
PIT202408260,PIT,CHN,PIT08,0.0,0.0
PIT202408270,PIT,CHN,PIT08,0.0,0.0
PIT202408280,PIT,CHN,PIT08,0.0,0.0
PIT202409050,PIT,WAS,PIT08,0.0,0.0
PIT202409071,PIT,WAS,PIT08,0.0,0.0
PIT202409072,PIT,WAS,PIT08,0.0,0.0
PIT202409080,PIT,WAS,PIT08,0.0,0.0
PIT202409090,PIT,MIA,PIT08,0.0,0.0
PIT202409100,PIT,MIA,PIT08,0.0,0.0
PIT202409110,PIT,MIA,PIT08,0.0,0.0
PIT202409130,PIT,KCA,PIT08,0.0,0.0
PIT202409140,PIT,KCA,PIT08,0.0,0.0
PIT202409150,PIT,KCA,PIT08,0.0,0.0
PIT202409240,PIT,MIL,PIT08,0.0,0.0
PIT202409250,PIT,MIL,PIT08,0.0,0.0
PIT202409260,PIT,MIL,PIT08,0.0,0.0
LAN202403210,LAN,SDN,SEO01,3431.37,3431.37
LAN202403280,LAN,SLN,LOS03,0.0,3431.37
LAN202403290,LAN,SLN,LOS03,0.0,0.0
LAN202403300,LAN,SLN,LOS03,0.0,0.0
LAN202403310,LAN,SLN,LOS03,0.0,0.0
LAN202404010,LAN,SFN,LOS03,0.0,3431.37
LAN202404020,LAN,SFN,LOS03,0.0,0.0
LAN202404030,LAN,SFN,LOS03,0.0,0.0
LAN202404120,LAN,SDN,LOS03,0.0,0.0
LAN202404130,LAN,SDN,LOS03,0.0,0.0
LAN202404140,LAN,SDN,LOS03,0.0,0.0
LAN202404150,LAN,WAS,LOS03,0.0,3431.37
LAN202404160,LAN,WAS,LOS03,0.0,0.0
LAN202404170,LAN,WAS,LOS03,0.0,0.0
LAN202404190,LAN,NYN,LOS03,0.0,3431.37
LAN202404200,LAN,NYN,LOS03,0.0,0.0
LAN202404210,LAN,NYN,LOS03,0.0,0.0
LAN202405030,LAN,ATL,LOS03,0.0,3431.37
LAN202405040,LAN,ATL,LOS03,0.0,0.0
LAN202405050,LAN,ATL,LOS03,0.0,0.0
LAN202405060,LAN,MIA,LOS03,0.0,3431.37
LAN202405070,LAN,MIA,LOS03,0.0,0.0
LAN202405080,LAN,MIA,LOS03,0.0,0.0
LAN202405160,LAN,CIN,LOS03,0.0,3431.37
LAN202405170,LAN,CIN,LOS03,0.0,0.0
LAN202405180,LAN,CIN,LOS03,0.0,0.0
LAN202405190,LAN,CIN,LOS03,0.0,0.0
LAN202405200,LAN,ARI,LOS03,0.0,3431.37
LAN202405210,LAN,ARI,LOS03,0.0,0.0
LAN202405220,LAN,ARI,LOS03,0.0,0.0
LAN202405310,LAN,COL,LOS03,0.0,3431.37
LAN202406010,LAN,COL,LOS03,0.0,0.0
LAN202406020,LAN,COL,LOS03,0.0,0.0
LAN202406110,LAN,TEX,LOS03,0.0,0.0
LAN202406120,LAN,TEX,LOS03,0.0,0.0
LAN202406130,LAN,TEX,LOS03,0.0,0.0
LAN202406140,LAN,KCA,LOS03,0.0,3431.37
LAN202406150,LAN,KCA,LOS03,0.0,0.0
LAN202406160,LAN,KCA,LOS03,0.0,0.0
LAN202406210,LAN,ANA,LOS03,0.0,3431.37
LAN202406220,LAN,ANA,LOS03,0.0,0.0
LAN202407020,LAN,ARI,LOS03,0.0,0.0
LAN202407030,LAN,ARI,LOS03,0.0,0.0
LAN202407040,LAN,ARI,LOS03,0.0,0.0
LAN202407050,LAN,MIL,LOS03,0.0,3431.37
LAN202407060,LAN,MIL,LOS03,0.0,0.0
LAN202407070,LAN,MIL,LOS03,0.0,0.0
LAN202407190,LAN,BOS,LOS03,0.0,3431.37
LAN202407200,LAN,BOS,LOS03,0.0,0.0
LAN202407210,LAN,BOS,LOS03,0.0,0.0
LAN202407220,LAN,SFN,LOS03,0.0,0.0
LAN202407230,LAN,SFN,LOS03,0.0,0.0
LAN202407240,LAN,SFN,LOS03,0.0,0.0
LAN202407250,LAN,SFN,LOS03,0.0,0.0
LAN202408050,LAN,PHI,LOS03,0.0,3431.37
LAN202408060,LAN,PHI,LOS03,0.0,0.0
LAN202408070,LAN,PHI,LOS03,0.0,0.0
LAN202408090,LAN,PIT,LOS03,0.0,3431.37
LAN202408100,LAN,PIT,LOS03,0.0,0.0
LAN202408110,LAN,PIT,LOS03,0.0,0.0
LAN202408190,LAN,SEA,LOS03,0.0,3431.37
LAN202408200,LAN,SEA,LOS03,0.0,0.0
LAN202408210,LAN,SEA,LOS03,0.0,0.0
LAN202408230,LAN,TBA,LOS03,0.0,3431.37
LAN202408240,LAN,TBA,LOS03,0.0,0.0
LAN202408250,LAN,TBA,LOS03,0.0,0.0
LAN202408270,LAN,BAL,LOS03,0.0,3431.37
LAN202408280,LAN,BAL,LOS03,0.0,0.0
LAN202408290,LAN,BAL,LOS03,0.0,0.0
LAN202409060,LAN,CLE,LOS03,0.0,0.0
LAN202409070,LAN,CLE,LOS03,0.0,0.0
LAN202409080,LAN,CLE,LOS03,0.0,0.0
LAN202409090,LAN,CHN,LOS03,0.0,3431.37
LAN202409100,LAN,CHN,LOS03,0.0,0.0
LAN202409110,LAN,CHN,LOS03,0.0,0.0
LAN202409200,LAN,COL,LOS03,0.0,0.0
LAN202409210,LAN,COL,LOS03,0.0,0.0
LAN202409220,LAN,COL,LOS03,0.0,0.0
LAN202409240,LAN,SDN,LOS03,0.0,0.0
LAN202409250,LAN,SDN,LOS03,0.0,0.0
LAN202409260,LAN,SDN,LOS03,0.0,0.0
CHN202404010,CHN,COL,CHI11,2803.97,2803.97
CHN202404020,CHN,COL,CHI11,0.0,0.0
CHN202404030,CHN,COL,CHI11,0.0,0.0
CHN202404050,CHN,LAN,CHI11,0.0,2803.97
CHN202404060,CHN,LAN,CHI11,0.0,0.0
CHN202404070,CHN,LAN,CHI11,0.0,0.0
CHN202404190,CHN,MIA,CHI11,0.0,2803.97
CHN202404201,CHN,MIA,CHI11,0.0,0.0
CHN202404202,CHN,MIA,CHI11,0.0,0.0
CHN202404210,CHN,MIA,CHI11,0.0,0.0
CHN202404230,CHN,HOU,CHI11,0.0,0.0
CHN202404240,CHN,HOU,CHI11,0.0,0.0
CHN202404250,CHN,HOU,CHI11,0.0,0.0
CHN202405030,CHN,MIL,CHI11,0.0,2803.97
CHN202405040,CHN,MIL,CHI11,0.0,0.0
CHN202405050,CHN,MIL,CHI11,0.0,0.0
CHN202405060,CHN,SDN,CHI11,0.0,2803.97
CHN202405070,CHN,SDN,CHI11,0.0,0.0
CHN202405080,CHN,SDN,CHI11,0.0,0.0
CHN202405160,CHN,PIT,CHI11,0.0,2803.97
CHN202405170,CHN,PIT,CHI11,0.0,0.0
CHN202405180,CHN,PIT,CHI11,0.0,0.0
CHN202405190,CHN,PIT,CHI11,0.0,0.0
CHN202405210,CHN,ATL,CHI11,0.0,2803.97
CHN202405220,CHN,ATL,CHI11,0.0,0.0
CHN202405230,CHN,ATL,CHI11,0.0,0.0
CHN202405310,CHN,CIN,CHI11,0.0,2803.97
CHN202406010,CHN,CIN,CHI11,0.0,0.0
CHN202406020,CHN,CIN,CHI11,0.0,0.0
CHN202406040,CHN,CHA,CHI11,0.0,0.0
CHN202406050,CHN,CHA,CHI11,0.0,0.0
CHN202406140,CHN,SLN,CHI11,0.0,2803.97
CHN202406150,CHN,SLN,CHI11,0.0,0.0
CHN202406160,CHN,SLN,CHI11,0.0,0.0
CHN202406170,CHN,SFN,CHI11,0.0,2803.97
CHN202406180,CHN,SFN,CHI11,0.0,0.0
CHN202406190,CHN,SFN,CHI11,0.0,0.0
CHN202406210,CHN,NYN,CHI11,0.0,2803.97
CHN202406220,CHN,NYN,CHI11,0.0,0.0
CHN202406230,CHN,NYN,CHI11,0.0,0.0
CHN202407020,CHN,PHI,CHI11,0.0,2803.97
CHN202407030,CHN,PHI,CHI11,0.0,0.0
CHN202407040,CHN,PHI,CHI11,0.0,0.0
CHN202407050,CHN,ANA,CHI11,0.0,2803.97
CHN202407060,CHN,ANA,CHI11,0.0,0.0
CHN202407070,CHN,ANA,CHI11,0.0,0.0
CHN202407190,CHN,ARI,CHI11,0.0,2803.97
CHN202407200,CHN,ARI,CHI11,0.0,0.0
CHN202407210,CHN,ARI,CHI11,0.0,0.0
CHN202407220,CHN,MIL,CHI11,0.0,0.0
CHN202407230,CHN,MIL,CHI11,0.0,0.0
CHN202407240,CHN,MIL,CHI11,0.0,0.0
CHN202408010,CHN,SLN,CHI11,0.0,0.0
CHN202408020,CHN,SLN,CHI11,0.0,0.0
CHN202408030,CHN,SLN,CHI11,0.0,0.0
CHN202408040,CHN,SLN,CHI11,0.0,0.0
CHN202408050,CHN,MIN,CHI11,0.0,658.52
CHN202408060,CHN,MIN,CHI11,0.0,0.0
CHN202408070,CHN,MIN,CHI11,0.0,0.0
CHN202408160,CHN,TOR,CHI11,0.0,0.0
CHN202408170,CHN,TOR,CHI11,0.0,0.0
CHN202408180,CHN,TOR,CHI11,0.0,0.0
CHN202408200,CHN,DET,CHI11,0.0,658.52
CHN202408210,CHN,DET,CHI11,0.0,0.0
CHN202408220,CHN,DET,CHI11,0.0,0.0
CHN202409020,CHN,PIT,CHI11,0.0,0.0
CHN202409030,CHN,PIT,CHI11,0.0,0.0
CHN202409040,CHN,PIT,CHI11,0.0,0.0
CHN202409060,CHN,NYA,CHI11,0.0,0.0
CHN202409070,CHN,NYA,CHI11,0.0,0.0
CHN202409080,CHN,NYA,CHI11,0.0,0.0
CHN202409160,CHN,OAK,CHI11,0.0,0.0
CHN202409170,CHN,OAK,CHI11,0.0,0.0
CHN202409180,CHN,OAK,CHI11,0.0,0.0
CHN202409190,CHN,WAS,CHI11,0.0,2803.97
CHN202409200,CHN,WAS,CHI11,0.0,0.0
CHN202409210,CHN,WAS,CHI11,0.0,0.0
CHN202409220,CHN,WAS,CHI11,0.0,0.0
CHN202409270,CHN,CIN,CHI11,0.0,0.0
CHN202409280,CHN,CIN,CHI11,0.0,0.0
CHN202409290,CHN,CIN,CHI11,0.0,0.0
HOU202403280,HOU,NYA,HOU03,1515.81,1515.81
HOU202403290,HOU,NYA,HOU03,0.0,0.0
HOU202403300,HOU,NYA,HOU03,0.0,0.0
HOU202403310,HOU,NYA,HOU03,0.0,0.0
HOU202404010,HOU,TOR,HOU03,0.0,1515.81
HOU202404020,HOU,TOR,HOU03,0.0,0.0
HOU202404030,HOU,TOR,HOU03,0.0,0.0
HOU202404120,HOU,TEX,HOU03,0.0,2206.26
HOU202404130,HOU,TEX,HOU03,0.0,0.0
HOU202404140,HOU,TEX,HOU03,0.0,0.0
HOU202404150,HOU,ATL,HOU03,0.0,1515.81
HOU202404160,HOU,ATL,HOU03,0.0,0.0
HOU202404170,HOU,ATL,HOU03,0.0,0.0
HOU202404300,HOU,CLE,HOU03,0.0,2206.26
HOU202405010,HOU,CLE,HOU03,0.0,0.0
HOU202405020,HOU,CLE,HOU03,0.0,0.0
HOU202405030,HOU,SEA,HOU03,0.0,2206.26
HOU202405040,HOU,SEA,HOU03,0.0,0.0
HOU202405050,HOU,SEA,HOU03,0.0,0.0
HOU202405130,HOU,OAK,HOU03,0.0,1515.81
HOU202405140,HOU,OAK,HOU03,0.0,0.0
HOU202405150,HOU,OAK,HOU03,0.0,0.0
HOU202405160,HOU,OAK,HOU03,0.0,0.0
HOU202405170,HOU,MIL,HOU03,0.0,1515.81
HOU202405180,HOU,MIL,HOU03,0.0,0.0
HOU202405190,HOU,MIL,HOU03,0.0,0.0
HOU202405200,HOU,ANA,HOU03,0.0,1515.81
HOU202405210,HOU,ANA,HOU03,0.0,0.0
HOU202405220,HOU,ANA,HOU03,0.0,0.0
HOU202405310,HOU,MIN,HOU03,0.0,1515.81
HOU202406010,HOU,MIN,HOU03,0.0,0.0
HOU202406020,HOU,MIN,HOU03,0.0,0.0
HOU202406030,HOU,SLN,HOU03,0.0,1515.81
HOU202406040,HOU,SLN,HOU03,0.0,0.0
HOU202406050,HOU,SLN,HOU03,0.0,0.0
HOU202406140,HOU,DET,HOU03,0.0,1515.81
HOU202406150,HOU,DET,HOU03,0.0,0.0
HOU202406160,HOU,DET,HOU03,0.0,0.0
HOU202406210,HOU,BAL,HOU03,0.0,2206.26
HOU202406220,HOU,BAL,HOU03,0.0,0.0
HOU202406230,HOU,BAL,HOU03,0.0,0.0
HOU202406250,HOU,COL,HOU03,0.0,1515.81
HOU202406260,HOU,COL,HOU03,0.0,0.0
HOU202407090,HOU,MIA,HOU03,0.0,1515.81
HOU202407100,HOU,MIA,HOU03,0.0,0.0
HOU202407110,HOU,MIA,HOU03,0.0,0.0
HOU202407120,HOU,TEX,HOU03,0.0,0.0
HOU202407130,HOU,TEX,HOU03,0.0,0.0
HOU202407140,HOU,TEX,HOU03,0.0,0.0
HOU202407260,HOU,LAN,HOU03,0.0,1515.81
HOU202407270,HOU,LAN,HOU03,0.0,0.0
HOU202407280,HOU,LAN,HOU03,0.0,0.0
HOU202407290,HOU,PIT,HOU03,0.0,1515.81
HOU202407300,HOU,PIT,HOU03,0.0,0.0
HOU202407310,HOU,PIT,HOU03,0.0,0.0
HOU202408020,HOU,TBA,HOU03,0.0,2206.26
HOU202408030,HOU,TBA,HOU03,0.0,0.0
HOU202408040,HOU,TBA,HOU03,0.0,0.0
HOU202408160,HOU,CHA,HOU03,0.0,1515.81
HOU202408170,HOU,CHA,HOU03,0.0,0.0
HOU202408180,HOU,CHA,HOU03,0.0,0.0
HOU202408190,HOU,BOS,HOU03,0.0,2206.26
HOU202408200,HOU,BOS,HOU03,0.0,0.0
HOU202408210,HOU,BOS,HOU03,0.0,0.0
HOU202408290,HOU,KCA,HOU03,0.0,2206.26
HOU202408300,HOU,KCA,HOU03,0.0,0.0
HOU202408310,HOU,KCA,HOU03,0.0,0.0
HOU202409010,HOU,KCA,HOU03,0.0,0.0
HOU202409060,HOU,ARI,HOU03,0.0,1515.81
HOU202409070,HOU,ARI,HOU03,0.0,0.0
HOU202409080,HOU,ARI,HOU03,0.0,0.0
HOU202409100,HOU,OAK,HOU03,0.0,0.0
HOU202409110,HOU,OAK,HOU03,0.0,0.0
HOU202409120,HOU,OAK,HOU03,0.0,0.0
HOU202409190,HOU,ANA,HOU03,0.0,0.0
HOU202409200,HOU,ANA,HOU03,0.0,0.0
HOU202409210,HOU,ANA,HOU03,0.0,0.0
HOU202409220,HOU,ANA,HOU03,0.0,0.0
HOU202409230,HOU,SEA,HOU03,0.0,0.0
HOU202409240,HOU,SEA,HOU03,0.0,0.0
HOU202409250,HOU,SEA,HOU03,0.0,0.0
SLN202404040,SLN,MIA,STL10,1094.1,1094.1
SLN202404060,SLN,MIA,STL10,0.0,0.0
SLN202404070,SLN,MIA,STL10,0.0,0.0
SLN202404080,SLN,PHI,STL10,0.0,422.13
SLN202404090,SLN,PHI,STL10,0.0,0.0
SLN202404100,SLN,PHI,STL10,0.0,0.0
SLN202404190,SLN,MIL,STL10,0.0,1094.1
SLN202404200,SLN,MIL,STL10,0.0,0.0
SLN202404210,SLN,MIL,STL10,0.0,0.0
SLN202404220,SLN,ARI,STL10,0.0,1094.1
SLN202404230,SLN,ARI,STL10,0.0,0.0
SLN202404240,SLN,ARI,STL10,0.0,0.0
SLN202405030,SLN,CHA,STL10,0.0,1094.1
SLN202405040,SLN,CHA,STL10,0.0,0.0
SLN202405050,SLN,CHA,STL10,0.0,0.0
SLN202405060,SLN,NYN,STL10,0.0,422.13
SLN202405070,SLN,NYN,STL10,0.0,0.0
SLN202405170,SLN,BOS,STL10,0.0,1094.1
SLN202405180,SLN,BOS,STL10,0.0,0.0
SLN202405190,SLN,BOS,STL10,0.0,0.0
SLN202405200,SLN,BAL,STL10,0.0,1094.1
SLN202405210,SLN,BAL,STL10,0.0,0.0
SLN202405220,SLN,BAL,STL10,0.0,0.0
SLN202405250,SLN,CHN,STL10,0.0,422.13
SLN202405260,SLN,CHN,STL10,0.0,0.0
SLN202406060,SLN,COL,STL10,0.0,1094.1
SLN202406070,SLN,COL,STL10,0.0,0.0
SLN202406080,SLN,COL,STL10,0.0,0.0
SLN202406090,SLN,COL,STL10,0.0,0.0
SLN202406110,SLN,PIT,STL10,0.0,1094.1
SLN202406120,SLN,PIT,STL10,0.0,0.0
SLN202406130,SLN,PIT,STL10,0.0,0.0
SLN202406200,SLN,SFN,BIR01,0.0,422.13
SLN202406220,SLN,SFN,STL10,0.0,0.0
SLN202406230,SLN,SFN,STL10,0.0,0.0
SLN202406240,SLN,ATL,STL10,0.0,1094.1
SLN202406261,SLN,ATL,STL10,0.0,0.0
SLN202406262,SLN,ATL,STL10,0.0,0.0
SLN202406270,SLN,CIN,STL10,0.0,422.13
SLN202406280,SLN,CIN,STL10,0.0,0.0
SLN202406290,SLN,CIN,STL10,0.0,0.0
SLN202406300,SLN,CIN,STL10,0.0,0.0
SLN202407101,SLN,KCA,STL10,0.0,1094.1
SLN202407102,SLN,KCA,STL10,0.0,0.0
SLN202407120,SLN,CHN,STL10,0.0,0.0
SLN202407131,SLN,CHN,STL10,0.0,0.0
SLN202407132,SLN,CHN,STL10,0.0,0.0
SLN202407140,SLN,CHN,STL10,0.0,0.0
SLN202407260,SLN,WAS,STL10,0.0,422.13
SLN202407270,SLN,WAS,STL10,0.0,0.0
SLN202407280,SLN,WAS,STL10,0.0,0.0
SLN202407290,SLN,TEX,STL10,0.0,1094.1
SLN202407300,SLN,TEX,STL10,0.0,0.0
SLN202407310,SLN,TEX,STL10,0.0,0.0
SLN202408050,SLN,NYN,STL10,0.0,0.0
SLN202408060,SLN,TBA,STL10,0.0,1094.1
SLN202408070,SLN,TBA,STL10,0.0,0.0
SLN202408080,SLN,TBA,STL10,0.0,0.0
SLN202408160,SLN,LAN,STL10,0.0,1094.1
SLN202408170,SLN,LAN,STL10,0.0,0.0
SLN202408180,SLN,LAN,STL10,0.0,0.0
SLN202408200,SLN,MIL,STL10,0.0,0.0
SLN202408210,SLN,MIL,STL10,0.0,0.0
SLN202408220,SLN,MIL,STL10,0.0,0.0
SLN202408260,SLN,SDN,STL10,0.0,422.13
SLN202408270,SLN,SDN,STL10,0.0,0.0
SLN202408280,SLN,SDN,STL10,0.0,0.0
SLN202408290,SLN,SDN,STL10,0.0,0.0
SLN202409060,SLN,SEA,STL10,0.0,1094.1
SLN202409070,SLN,SEA,STL10,0.0,0.0
SLN202409080,SLN,SEA,STL10,0.0,0.0
SLN202409100,SLN,CIN,STL10,0.0,0.0
SLN202409110,SLN,CIN,STL10,0.0,0.0
SLN202409120,SLN,CIN,STL10,0.0,0.0
SLN202409160,SLN,PIT,STL10,0.0,0.0
SLN202409170,SLN,PIT,STL10,0.0,0.0
SLN202409180,SLN,PIT,STL10,0.0,0.0
SLN202409190,SLN,PIT,STL10,0.0,0.0
SLN202409200,SLN,CLE,STL10,0.0,1094.1
SLN202409210,SLN,CLE,STL10,0.0,0.0
SLN202409220,SLN,CLE,STL10,0.0,0.0
CIN202403280,CIN,WAS,CIN09,495.17,495.17
CIN202403300,CIN,WAS,CIN09,0.0,0.0
CIN202403310,CIN,WAS,CIN09,0.0,0.0
CIN202404050,CIN,NYN,CIN09,0.0,495.17
CIN202404060,CIN,NYN,CIN09,0.0,0.0
CIN202404070,CIN,NYN,CIN09,0.0,0.0
CIN202404080,CIN,MIL,CIN09,0.0,495.17
CIN202404090,CIN,MIL,CIN09,0.0,0.0
CIN202404100,CIN,MIL,CIN09,0.0,0.0
CIN202404190,CIN,ANA,CIN09,0.0,1436.88
CIN202404200,CIN,ANA,CIN09,0.0,0.0
CIN202404210,CIN,ANA,CIN09,0.0,0.0
CIN202404220,CIN,PHI,CIN09,0.0,495.17
CIN202404230,CIN,PHI,CIN09,0.0,0.0
CIN202404240,CIN,PHI,CIN09,0.0,0.0
CIN202404250,CIN,PHI,CIN09,0.0,0.0
CIN202405030,CIN,BAL,CIN09,0.0,495.17
CIN202405040,CIN,BAL,CIN09,0.0,0.0
CIN202405050,CIN,BAL,CIN09,0.0,0.0
CIN202405070,CIN,ARI,CIN09,0.0,495.17
CIN202405080,CIN,ARI,CIN09,0.0,0.0
CIN202405090,CIN,ARI,CIN09,0.0,0.0
CIN202405210,CIN,SDN,CIN09,0.0,495.17
CIN202405220,CIN,SDN,CIN09,0.0,0.0
CIN202405230,CIN,SDN,CIN09,0.0,0.0
CIN202405240,CIN,LAN,CIN09,0.0,495.17
CIN202405250,CIN,LAN,CIN09,0.0,0.0
CIN202405260,CIN,LAN,CIN09,0.0,0.0
CIN202405270,CIN,SLN,CIN09,0.0,495.17
CIN202405280,CIN,SLN,CIN09,0.0,0.0
CIN202405290,CIN,SLN,CIN09,0.0,0.0
CIN202406060,CIN,CHN,CIN09,0.0,495.17
CIN202406070,CIN,CHN,CIN09,0.0,0.0
CIN202406080,CIN,CHN,CIN09,0.0,0.0
CIN202406090,CIN,CHN,CIN09,0.0,0.0
CIN202406110,CIN,CLE,CIN09,0.0,495.17
CIN202406120,CIN,CLE,CIN09,0.0,0.0
CIN202406210,CIN,BOS,CIN09,0.0,495.17
CIN202406220,CIN,BOS,CIN09,0.0,0.0
CIN202406230,CIN,BOS,CIN09,0.0,0.0
CIN202406240,CIN,PIT,CIN09,0.0,495.17
CIN202406250,CIN,PIT,CIN09,0.0,0.0
CIN202406260,CIN,PIT,CIN09,0.0,0.0
CIN202407050,CIN,DET,CIN09,0.0,1436.88
CIN202407060,CIN,DET,CIN09,0.0,0.0
CIN202407070,CIN,DET,CIN09,0.0,0.0
CIN202407080,CIN,COL,CIN09,0.0,495.17
CIN202407090,CIN,COL,CIN09,0.0,0.0
CIN202407100,CIN,COL,CIN09,0.0,0.0
CIN202407110,CIN,COL,CIN09,0.0,0.0
CIN202407120,CIN,MIA,CIN09,0.0,495.17
CIN202407130,CIN,MIA,CIN09,0.0,0.0
CIN202407140,CIN,MIA,CIN09,0.0,0.0
CIN202407290,CIN,CHN,CIN09,0.0,0.0
CIN202407300,CIN,CHN,CIN09,0.0,0.0
CIN202407310,CIN,CHN,CIN09,0.0,0.0
CIN202408020,CIN,SFN,CIN09,0.0,495.17
CIN202408030,CIN,SFN,CIN09,0.0,0.0
CIN202408040,CIN,SFN,CIN09,0.0,0.0
CIN202408120,CIN,SLN,CIN09,0.0,0.0
CIN202408130,CIN,SLN,CIN09,0.0,0.0
CIN202408140,CIN,SLN,CIN09,0.0,0.0
CIN202408160,CIN,KCA,CIN09,0.0,495.17
CIN202408170,CIN,KCA,CIN09,0.0,0.0
CIN202408180,CIN,KCA,CIN09,0.0,0.0
CIN202408270,CIN,OAK,CIN09,0.0,1436.88
CIN202408280,CIN,OAK,CIN09,0.0,0.0
CIN202408290,CIN,OAK,CIN09,0.0,0.0
CIN202408301,CIN,MIL,CIN09,0.0,0.0
CIN202408302,CIN,MIL,CIN09,0.0,0.0
CIN202408310,CIN,MIL,CIN09,0.0,0.0
CIN202409010,CIN,MIL,CIN09,0.0,0.0
CIN202409020,CIN,HOU,CIN09,0.0,1436.88
CIN202409040,CIN,HOU,CIN09,0.0,0.0
CIN202409050,CIN,HOU,CIN09,0.0,0.0
CIN202409170,CIN,ATL,CIN09,0.0,495.17
CIN202409180,CIN,ATL,CIN09,0.0,0.0
CIN202409190,CIN,ATL,CIN09,0.0,0.0
CIN202409200,CIN,PIT,CIN09,0.0,0.0
CIN202409210,CIN,PIT,CIN09,0.0,0.0
CIN202409220,CIN,PIT,CIN09,0.0,0.0
MIA202403280,MIA,PIT,MIA02,1537.36,1537.36
MIA202403290,MIA,PIT,MIA02,0.0,0.0
MIA202403300,MIA,PIT,MIA02,0.0,0.0
MIA202403310,MIA,PIT,MIA02,0.0,0.0
MIA202404010,MIA,ANA,MIA02,0.0,1537.36
MIA202404020,MIA,ANA,MIA02,0.0,0.0
MIA202404030,MIA,ANA,MIA02,0.0,0.0
MIA202404120,MIA,ATL,MIA02,0.0,1537.36
MIA202404130,MIA,ATL,MIA02,0.0,0.0
MIA202404140,MIA,ATL,MIA02,0.0,0.0
MIA202404150,MIA,SFN,MIA02,0.0,1537.36
MIA202404160,MIA,SFN,MIA02,0.0,0.0
MIA202404170,MIA,SFN,MIA02,0.0,0.0
MIA202404260,MIA,WAS,MIA02,0.0,1537.36
MIA202404270,MIA,WAS,MIA02,0.0,0.0
MIA202404280,MIA,WAS,MIA02,0.0,0.0
MIA202404290,MIA,WAS,MIA02,0.0,0.0
MIA202404300,MIA,COL,MIA02,0.0,1537.36
MIA202405010,MIA,COL,MIA02,0.0,0.0
MIA202405020,MIA,COL,MIA02,0.0,0.0
MIA202405100,MIA,PHI,MIA02,0.0,1537.36
MIA202405110,MIA,PHI,MIA02,0.0,0.0
MIA202405120,MIA,PHI,MIA02,0.0,0.0
MIA202405170,MIA,NYN,MIA02,0.0,1537.36
MIA202405180,MIA,NYN,MIA02,0.0,0.0
MIA202405190,MIA,NYN,MIA02,0.0,0.0
MIA202405200,MIA,MIL,MIA02,0.0,1537.36
MIA202405210,MIA,MIL,MIA02,0.0,0.0
MIA202405220,MIA,MIL,MIA02,0.0,0.0
MIA202405310,MIA,TEX,MIA02,0.0,1710.11
MIA202406010,MIA,TEX,MIA02,0.0,0.0
MIA202406020,MIA,TEX,MIA02,0.0,0.0
MIA202406040,MIA,TBA,MIA02,0.0,1710.11
MIA202406050,MIA,TBA,MIA02,0.0,0.0
MIA202406070,MIA,CLE,MIA02,0.0,1537.36
MIA202406080,MIA,CLE,MIA02,0.0,0.0
MIA202406090,MIA,CLE,MIA02,0.0,0.0
MIA202406170,MIA,SLN,MIA02,0.0,1537.36
MIA202406180,MIA,SLN,MIA02,0.0,0.0
MIA202406190,MIA,SLN,MIA02,0.0,0.0
MIA202406210,MIA,SEA,MIA02,0.0,1710.11
MIA202406220,MIA,SEA,MIA02,0.0,0.0
MIA202406230,MIA,SEA,MIA02,0.0,0.0
MIA202407020,MIA,BOS,MIA02,0.0,1537.36
MIA202407030,MIA,BOS,MIA02,0.0,0.0
MIA202407040,MIA,BOS,MIA02,0.0,0.0
MIA202407050,MIA,CHA,MIA02,0.0,1710.11
MIA202407060,MIA,CHA,MIA02,0.0,0.0
MIA202407070,MIA,CHA,MIA02,0.0,0.0
MIA202407190,MIA,NYN,MIA02,0.0,0.0
MIA202407200,MIA,NYN,MIA02,0.0,0.0
MIA202407210,MIA,NYN,MIA02,0.0,0.0
MIA202407220,MIA,NYN,MIA02,0.0,0.0
MIA202407230,MIA,BAL,MIA02,0.0,1537.36
MIA202407240,MIA,BAL,MIA02,0.0,0.0
MIA202407250,MIA,BAL,MIA02,0.0,0.0
MIA202408050,MIA,CIN,MIA02,0.0,1537.36
MIA202408060,MIA,CIN,MIA02,0.0,0.0
MIA202408070,MIA,CIN,MIA02,0.0,0.0
MIA202408080,MIA,CIN,MIA02,0.0,0.0
MIA202408090,MIA,SDN,MIA02,0.0,1537.36
MIA202408100,MIA,SDN,MIA02,0.0,0.0
MIA202408110,MIA,SDN,MIA02,0.0,0.0
MIA202408190,MIA,ARI,MIA02,0.0,1537.36
MIA202408200,MIA,ARI,MIA02,0.0,0.0
MIA202408210,MIA,ARI,MIA02,0.0,0.0
MIA202408230,MIA,CHN,MIA02,0.0,1537.36
MIA202408240,MIA,CHN,MIA02,0.0,0.0
MIA202408250,MIA,CHN,MIA02,0.0,0.0
MIA202409030,MIA,WAS,MIA02,0.0,0.0
MIA202409040,MIA,WAS,MIA02,0.0,0.0
MIA202409050,MIA,PHI,MIA02,0.0,0.0
MIA202409060,MIA,PHI,MIA02,0.0,0.0
MIA202409070,MIA,PHI,MIA02,0.0,0.0
MIA202409080,MIA,PHI,MIA02,0.0,0.0
MIA202409170,MIA,LAN,MIA02,0.0,1537.36
MIA202409180,MIA,LAN,MIA02,0.0,0.0
MIA202409190,MIA,LAN,MIA02,0.0,0.0
MIA202409200,MIA,ATL,MIA02,0.0,0.0
MIA202409210,MIA,ATL,MIA02,0.0,0.0
MIA202409220,MIA,ATL,MIA02,0.0,0.0
NYN202403290,NYN,MIL,NYC20,1757.96,1757.96
NYN202403300,NYN,MIL,NYC20,0.0,0.0
NYN202403310,NYN,MIL,NYC20,0.0,0.0
NYN202404010,NYN,DET,NYC20,0.0,913.21
NYN202404041,NYN,DET,NYC20,0.0,0.0
NYN202404042,NYN,DET,NYC20,0.0,0.0
NYN202404120,NYN,KCA,NYC20,0.0,913.21
NYN202404130,NYN,KCA,NYC20,0.0,0.0
NYN202404140,NYN,KCA,NYC20,0.0,0.0
NYN202404150,NYN,PIT,NYC20,0.0,1757.96
NYN202404160,NYN,PIT,NYC20,0.0,0.0
NYN202404170,NYN,PIT,NYC20,0.0,0.0
NYN202404260,NYN,SLN,NYC20,0.0,1757.96
NYN202404270,NYN,SLN,NYC20,0.0,0.0
NYN202404280,NYN,SLN,NYC20,0.0,0.0
NYN202404290,NYN,CHN,NYC20,0.0,1757.96
NYN202404300,NYN,CHN,NYC20,0.0,0.0
NYN202405010,NYN,CHN,NYC20,0.0,0.0
NYN202405020,NYN,CHN,NYC20,0.0,0.0
NYN202405100,NYN,ATL,NYC20,0.0,1757.96
NYN202405110,NYN,ATL,NYC20,0.0,0.0
NYN202405120,NYN,ATL,NYC20,0.0,0.0
NYN202405130,NYN,PHI,NYC20,0.0,1757.96
NYN202405140,NYN,PHI,NYC20,0.0,0.0
NYN202405240,NYN,SFN,NYC20,0.0,1757.96
NYN202405250,NYN,SFN,NYC20,0.0,0.0
NYN202405260,NYN,SFN,NYC20,0.0,0.0
NYN202405281,NYN,LAN,NYC20,0.0,1757.96
NYN202405282,NYN,LAN,NYC20,0.0,0.0
NYN202405290,NYN,LAN,NYC20,0.0,0.0
NYN202405300,NYN,ARI,NYC20,0.0,1757.96
NYN202405310,NYN,ARI,NYC20,0.0,0.0
NYN202406010,NYN,ARI,NYC20,0.0,0.0
NYN202406020,NYN,ARI,NYC20,0.0,0.0
NYN202406080,NYN,PHI,LON01,0.0,0.0
NYN202406110,NYN,MIA,NYC20,0.0,1757.96
NYN202406120,NYN,MIA,NYC20,0.0,0.0
NYN202406130,NYN,MIA,NYC20,0.0,0.0
NYN202406140,NYN,SDN,NYC20,0.0,1757.96
NYN202406150,NYN,SDN,NYC20,0.0,0.0
NYN202406160,NYN,SDN,NYC20,0.0,0.0
NYN202406250,NYN,NYA,NYC20,0.0,2281.34
NYN202406260,NYN,NYA,NYC20,0.0,0.0
NYN202406280,NYN,HOU,NYC20,0.0,913.21
NYN202406290,NYN,HOU,NYC20,0.0,0.0
NYN202406300,NYN,HOU,NYC20,0.0,0.0
NYN202407090,NYN,WAS,NYC20,0.0,1757.96
NYN202407100,NYN,WAS,NYC20,0.0,0.0
NYN202407110,NYN,WAS,NYC20,0.0,0.0
NYN202407120,NYN,COL,NYC20,0.0,1757.96
NYN202407130,NYN,COL,NYC20,0.0,0.0
NYN202407140,NYN,COL,NYC20,0.0,0.0
NYN202407250,NYN,ATL,NYC20,0.0,0.0
NYN202407260,NYN,ATL,NYC20,0.0,0.0
NYN202407270,NYN,ATL,NYC20,0.0,0.0
NYN202407280,NYN,ATL,NYC20,0.0,0.0
NYN202407290,NYN,MIN,NYC20,0.0,2281.34
NYN202407300,NYN,MIN,NYC20,0.0,0.0
NYN202407310,NYN,MIN,NYC20,0.0,0.0
NYN202408130,NYN,OAK,NYC20,0.0,913.21
NYN202408140,NYN,OAK,NYC20,0.0,0.0
NYN202408150,NYN,OAK,NYC20,0.0,0.0
NYN202408160,NYN,MIA,NYC20,0.0,0.0
NYN202408170,NYN,MIA,NYC20,0.0,0.0
NYN202408180,NYN,MIA,NYC20,0.0,0.0
NYN202408190,NYN,BAL,NYC20,0.0,1757.96
NYN202408200,NYN,BAL,NYC20,0.0,0.0
NYN202408210,NYN,BAL,NYC20,0.0,0.0
NYN202409020,NYN,BOS,NYC20,0.0,1757.96
NYN202409030,NYN,BOS,NYC20,0.0,0.0
NYN202409040,NYN,BOS,NYC20,0.0,0.0
NYN202409060,NYN,CIN,NYC20,0.0,1757.96
NYN202409070,NYN,CIN,NYC20,0.0,0.0
NYN202409080,NYN,CIN,NYC20,0.0,0.0
NYN202409160,NYN,WAS,NYC20,0.0,0.0
NYN202409170,NYN,WAS,NYC20,0.0,0.0
NYN202409180,NYN,WAS,NYC20,0.0,0.0
NYN202409190,NYN,PHI,NYC20,0.0,0.0
NYN202409200,NYN,PHI,NYC20,0.0,0.0
NYN202409210,NYN,PHI,NYC20,0.0,0.0
NYN202409220,NYN,PHI,NYC20,0.0,0.0
TBA202403280,TBA,TOR,STP01,331.26,1272.83
TBA202403290,TBA,TOR,STP01,0.0,0.0
TBA202403300,TBA,TOR,STP01,0.0,0.0
TBA202403310,TBA,TOR,STP01,0.0,0.0
TBA202404010,TBA,TEX,STP01,0.0,331.26
TBA202404020,TBA,TEX,STP01,0.0,0.0
TBA202404030,TBA,TEX,STP01,0.0,0.0
TBA202404120,TBA,SFN,STP01,0.0,1615.45
TBA202404130,TBA,SFN,STP01,0.0,0.0
TBA202404140,TBA,SFN,STP01,0.0,0.0
TBA202404150,TBA,ANA,STP01,0.0,331.26
TBA202404160,TBA,ANA,STP01,0.0,0.0
TBA202404170,TBA,ANA,STP01,0.0,0.0
TBA202404180,TBA,ANA,STP01,0.0,0.0
TBA202404220,TBA,DET,STP01,0.0,1615.45
TBA202404230,TBA,DET,STP01,0.0,0.0
TBA202404240,TBA,DET,STP01,0.0,0.0
TBA202405030,TBA,NYN,STP01,0.0,1615.45
TBA202405040,TBA,NYN,STP01,0.0,0.0
TBA202405050,TBA,NYN,STP01,0.0,0.0
TBA202405060,TBA,CHA,STP01,0.0,331.26
TBA202405070,TBA,CHA,STP01,0.0,0.0
TBA202405080,TBA,CHA,STP01,0.0,0.0
TBA202405100,TBA,NYA,STP01,0.0,1615.45
TBA202405110,TBA,NYA,STP01,0.0,0.0
TBA202405120,TBA,NYA,STP01,0.0,0.0
TBA202405200,TBA,BOS,STP01,0.0,1615.45
TBA202405210,TBA,BOS,STP01,0.0,0.0
TBA202405220,TBA,BOS,STP01,0.0,0.0
TBA202405240,TBA,KCA,STP01,0.0,1615.45
TBA202405250,TBA,KCA,STP01,0.0,0.0
TBA202405260,TBA,KCA,STP01,0.0,0.0
TBA202405280,TBA,OAK,STP01,0.0,1615.45
TBA202405290,TBA,OAK,STP01,0.0,0.0
TBA202405300,TBA,OAK,STP01,0.0,0.0
TBA202406070,TBA,BAL,STP01,0.0,1615.45
TBA202406080,TBA,BAL,STP01,0.0,0.0
TBA202406090,TBA,BAL,STP01,0.0,0.0
TBA202406100,TBA,BAL,STP01,0.0,0.0
TBA202406110,TBA,CHN,STP01,0.0,1615.45
TBA202406120,TBA,CHN,STP01,0.0,0.0
TBA202406130,TBA,CHN,STP01,0.0,0.0
TBA202406240,TBA,SEA,STP01,0.0,331.26
TBA202406250,TBA,SEA,STP01,0.0,0.0
TBA202406260,TBA,SEA,STP01,0.0,0.0
TBA202406280,TBA,WAS,STP01,0.0,1615.45
TBA202406290,TBA,WAS,STP01,0.0,0.0
TBA202406300,TBA,WAS,STP01,0.0,0.0
TBA202407090,TBA,NYA,STP01,0.0,0.0
TBA202407100,TBA,NYA,STP01,0.0,0.0
TBA202407110,TBA,NYA,STP01,0.0,0.0
TBA202407120,TBA,CLE,STP01,0.0,331.26
TBA202407130,TBA,CLE,STP01,0.0,0.0
TBA202407140,TBA,CLE,STP01,0.0,0.0
TBA202407260,TBA,CIN,STP01,0.0,1615.45
TBA202407270,TBA,CIN,STP01,0.0,0.0
TBA202407280,TBA,CIN,STP01,0.0,0.0
TBA202407300,TBA,MIA,STP01,0.0,1615.45
TBA202407310,TBA,MIA,STP01,0.0,0.0
TBA202408090,TBA,BAL,STP01,0.0,0.0
TBA202408100,TBA,BAL,STP01,0.0,0.0
TBA202408110,TBA,BAL,STP01,0.0,0.0
TBA202408120,TBA,HOU,STP01,0.0,1615.45
TBA202408130,TBA,HOU,STP01,0.0,0.0
TBA202408140,TBA,HOU,STP01,0.0,0.0
TBA202408160,TBA,ARI,STP01,0.0,1615.45
TBA202408170,TBA,ARI,STP01,0.0,0.0
TBA202408180,TBA,ARI,STP01,0.0,0.0
TBA202408300,TBA,SDN,STP01,0.0,1615.45
TBA202408310,TBA,SDN,STP01,0.0,0.0
TBA202409010,TBA,SDN,STP01,0.0,0.0
TBA202409020,TBA,MIN,STP01,0.0,1615.45
TBA202409030,TBA,MIN,STP01,0.0,0.0
TBA202409040,TBA,MIN,STP01,0.0,0.0
TBA202409050,TBA,MIN,STP01,0.0,0.0
TBA202409170,TBA,BOS,STP01,0.0,0.0
TBA202409180,TBA,BOS,STP01,0.0,0.0
TBA202409190,TBA,BOS,STP01,0.0,0.0
TBA202409200,TBA,TOR,STP01,0.0,0.0
TBA202409210,TBA,TOR,STP01,0.0,0.0
TBA202409220,TBA,TOR,STP01,0.0,0.0
KCA202403280,KCA,MIN,KAN06,1669.95,1669.95
KCA202403300,KCA,MIN,KAN06,0.0,0.0
KCA202403310,KCA,MIN,KAN06,0.0,0.0
KCA202404040,KCA,CHA,KAN06,0.0,1669.95
KCA202404050,KCA,CHA,KAN06,0.0,0.0
KCA202404060,KCA,CHA,KAN06,0.0,0.0
KCA202404070,KCA,CHA,KAN06,0.0,0.0
KCA202404090,KCA,HOU,KAN06,0.0,1669.95
KCA202404100,KCA,HOU,KAN06,0.0,0.0
KCA202404110,KCA,HOU,KAN06,0.0,0.0
KCA202404190,KCA,BAL,KAN06,0.0,1669.95
KCA202404200,KCA,BAL,KAN06,0.0,0.0
KCA202404210,KCA,BAL,KAN06,0.0,0.0
KCA202404220,KCA,TOR,KAN06,0.0,1669.95
KCA202404230,KCA,TOR,KAN06,0.0,0.0
KCA202404240,KCA,TOR,KAN06,0.0,0.0
KCA202404250,KCA,TOR,KAN06,0.0,0.0
KCA202405030,KCA,TEX,KAN06,0.0,1669.95
KCA202405040,KCA,TEX,KAN06,0.0,0.0
KCA202405050,KCA,TEX,KAN06,0.0,0.0
KCA202405060,KCA,MIL,KAN06,0.0,1759.86
KCA202405070,KCA,MIL,KAN06,0.0,0.0
KCA202405080,KCA,MIL,KAN06,0.0,0.0
KCA202405170,KCA,OAK,KAN06,0.0,1669.95
KCA202405180,KCA,OAK,KAN06,0.0,0.0
KCA202405190,KCA,OAK,KAN06,0.0,0.0
KCA202405200,KCA,DET,KAN06,0.0,1669.95
KCA202405210,KCA,DET,KAN06,0.0,0.0
KCA202405220,KCA,DET,KAN06,0.0,0.0
KCA202405310,KCA,SDN,KAN06,0.0,1669.95
KCA202406010,KCA,SDN,KAN06,0.0,0.0
KCA202406020,KCA,SDN,KAN06,0.0,0.0
KCA202406070,KCA,SEA,KAN06,0.0,1669.95
KCA202406080,KCA,SEA,KAN06,0.0,0.0
KCA202406090,KCA,SEA,KAN06,0.0,0.0
KCA202406100,KCA,NYA,KAN06,0.0,1669.95
KCA202406110,KCA,NYA,KAN06,0.0,0.0
KCA202406120,KCA,NYA,KAN06,0.0,0.0
KCA202406130,KCA,NYA,KAN06,0.0,0.0
KCA202406240,KCA,MIA,KAN06,0.0,1669.95
KCA202406250,KCA,MIA,KAN06,0.0,0.0
KCA202406260,KCA,MIA,KAN06,0.0,0.0
KCA202406270,KCA,CLE,KAN06,0.0,1669.95
KCA202406280,KCA,CLE,KAN06,0.0,0.0
KCA202406290,KCA,CLE,KAN06,0.0,0.0
KCA202406300,KCA,CLE,KAN06,0.0,0.0
KCA202407020,KCA,TBA,KAN06,0.0,1669.95
KCA202407030,KCA,TBA,KAN06,0.0,0.0
KCA202407040,KCA,TBA,KAN06,0.0,0.0
KCA202407190,KCA,CHA,KAN06,0.0,0.0
KCA202407200,KCA,CHA,KAN06,0.0,0.0
KCA202407210,KCA,CHA,KAN06,0.0,0.0
KCA202407220,KCA,ARI,KAN06,0.0,1669.95
KCA202407230,KCA,ARI,KAN06,0.0,0.0
KCA202407240,KCA,ARI,KAN06,0.0,0.0
KCA202407260,KCA,CHN,KAN06,0.0,1669.95
KCA202407270,KCA,CHN,KAN06,0.0,0.0
KCA202407280,KCA,CHN,KAN06,0.0,0.0
KCA202408050,KCA,BOS,KAN06,0.0,1669.95
KCA202408060,KCA,BOS,KAN06,0.0,0.0
KCA202408070,KCA,BOS,KAN06,0.0,0.0
KCA202408090,KCA,SLN,KAN06,0.0,1759.86
KCA202408100,KCA,SLN,KAN06,0.0,0.0
KCA202408190,KCA,ANA,KAN06,0.0,1669.95
KCA202408200,KCA,ANA,KAN06,0.0,0.0
KCA202408210,KCA,ANA,KAN06,0.0,0.0
KCA202408230,KCA,PHI,KAN06,0.0,1759.86
KCA202408240,KCA,PHI,KAN06,0.0,0.0
KCA202408250,KCA,PHI,KAN06,0.0,0.0
KCA202409020,KCA,CLE,KAN06,0.0,0.0
KCA202409030,KCA,CLE,KAN06,0.0,0.0
KCA202409040,KCA,CLE,KAN06,0.0,0.0
KCA202409060,KCA,MIN,KAN06,0.0,0.0
KCA202409070,KCA,MIN,KAN06,0.0,0.0
KCA202409080,KCA,MIN,KAN06,0.0,0.0
KCA202409160,KCA,DET,KAN06,0.0,0.0
KCA202409170,KCA,DET,KAN06,0.0,0.0
KCA202409180,KCA,DET,KAN06,0.0,0.0
KCA202409200,KCA,SFN,KAN06,0.0,1669.95
KCA202409210,KCA,SFN,KAN06,0.0,0.0
KCA202409220,KCA,SFN,KAN06,0.0,0.0
SFN202404050,SFN,SDN,SFO03,2419.86,2419.86
SFN202404060,SFN,SDN,SFO03,0.0,0.0
SFN202404070,SFN,SDN,SFO03,0.0,0.0
SFN202404080,SFN,WAS,SFO03,0.0,3856.96
SFN202404090,SFN,WAS,SFO03,0.0,0.0
SFN202404100,SFN,WAS,SFO03,0.0,0.0
SFN202404180,SFN,ARI,SFO03,0.0,2419.86
SFN202404190,SFN,ARI,SFO03,0.0,0.0
SFN202404200,SFN,ARI,SFO03,0.0,0.0
SFN202404210,SFN,ARI,SFO03,0.0,0.0
SFN202404220,SFN,NYN,SFO03,0.0,3856.96
SFN202404230,SFN,NYN,SFO03,0.0,0.0
SFN202404240,SFN,NYN,SFO03,0.0,0.0
SFN202404260,SFN,PIT,SFO03,0.0,4129.09
SFN202404270,SFN,PIT,SFO03,0.0,0.0
SFN202404280,SFN,PIT,SFO03,0.0,0.0
SFN202405100,SFN,CIN,SFO03,0.0,3856.96
SFN202405110,SFN,CIN,SFO03,0.0,0.0
SFN202405120,SFN,CIN,SFO03,0.0,0.0
SFN202405130,SFN,LAN,SFO03,0.0,4129.09
SFN202405140,SFN,LAN,SFO03,0.0,0.0
SFN202405150,SFN,LAN,SFO03,0.0,0.0
SFN202405170,SFN,COL,SFO03,0.0,4129.09
SFN202405180,SFN,COL,SFO03,0.0,0.0
SFN202405190,SFN,COL,SFO03,0.0,0.0
SFN202405270,SFN,PHI,SFO03,0.0,2419.86
SFN202405280,SFN,PHI,SFO03,0.0,0.0
SFN202405290,SFN,PHI,SFO03,0.0,0.0
SFN202405310,SFN,NYA,SFO03,0.0,2419.86
SFN202406010,SFN,NYA,SFO03,0.0,0.0
SFN202406020,SFN,NYA,SFO03,0.0,0.0
SFN202406100,SFN,HOU,SFO03,0.0,2419.86
SFN202406110,SFN,HOU,SFO03,0.0,0.0
SFN202406120,SFN,HOU,SFO03,0.0,0.0
SFN202406140,SFN,ANA,SFO03,0.0,2419.86
SFN202406150,SFN,ANA,SFO03,0.0,0.0
SFN202406160,SFN,ANA,SFO03,0.0,0.0
SFN202406240,SFN,CHN,SFO03,0.0,2419.86
SFN202406250,SFN,CHN,SFO03,0.0,0.0
SFN202406260,SFN,CHN,SFO03,0.0,0.0
SFN202406270,SFN,CHN,SFO03,0.0,0.0
SFN202406280,SFN,LAN,SFO03,0.0,0.0
SFN202406290,SFN,LAN,SFO03,0.0,0.0
SFN202406300,SFN,LAN,SFO03,0.0,0.0
SFN202407090,SFN,TOR,SFO03,0.0,2419.86
SFN202407100,SFN,TOR,SFO03,0.0,0.0
SFN202407110,SFN,TOR,SFO03,0.0,0.0
SFN202407120,SFN,MIN,SFO03,0.0,2419.86
SFN202407130,SFN,MIN,SFO03,0.0,0.0
SFN202407140,SFN,MIN,SFO03,0.0,0.0
SFN202407260,SFN,COL,SFO03,0.0,0.0
SFN202407271,SFN,COL,SFO03,0.0,0.0
SFN202407272,SFN,COL,SFO03,0.0,0.0
SFN202407280,SFN,COL,SFO03,0.0,0.0
SFN202407300,SFN,OAK,SFO03,0.0,2419.86
SFN202407310,SFN,OAK,SFO03,0.0,0.0
SFN202408090,SFN,DET,SFO03,0.0,2419.86
SFN202408100,SFN,DET,SFO03,0.0,0.0
SFN202408110,SFN,DET,SFO03,0.0,0.0
SFN202408120,SFN,ATL,SFO03,0.0,4129.09
SFN202408130,SFN,ATL,SFO03,0.0,0.0
SFN202408140,SFN,ATL,SFO03,0.0,0.0
SFN202408150,SFN,ATL,SFO03,0.0,0.0
SFN202408190,SFN,CHA,SFO03,0.0,2419.86
SFN202408200,SFN,CHA,SFO03,0.0,0.0
SFN202408210,SFN,CHA,SFO03,0.0,0.0
SFN202408300,SFN,MIA,SFO03,0.0,2419.86
SFN202408310,SFN,MIA,SFO03,0.0,0.0
SFN202409010,SFN,MIA,SFO03,0.0,0.0
SFN202409030,SFN,ARI,SFO03,0.0,0.0
SFN202409040,SFN,ARI,SFO03,0.0,0.0
SFN202409050,SFN,ARI,SFO03,0.0,0.0
SFN202409100,SFN,MIL,SFO03,0.0,2419.86
SFN202409110,SFN,MIL,SFO03,0.0,0.0
SFN202409120,SFN,MIL,SFO03,0.0,0.0
SFN202409130,SFN,SDN,SFO03,0.0,0.0
SFN202409140,SFN,SDN,SFO03,0.0,0.0
SFN202409150,SFN,SDN,SFO03,0.0,0.0
SFN202409270,SFN,SLN,SFO03,0.0,2419.86
SFN202409280,SFN,SLN,SFO03,0.0,0.0
SFN202409290,SFN,SLN,SFO03,0.0,0.0
CLE202404080,CLE,CHA,CLE08,1123.57,3479.46
CLE202404090,CLE,CHA,CLE08,0.0,0.0
CLE202404100,CLE,CHA,CLE08,0.0,0.0
CLE202404131,CLE,NYA,CLE08,0.0,3479.46
CLE202404132,CLE,NYA,CLE08,0.0,0.0
CLE202404140,CLE,NYA,CLE08,0.0,0.0
CLE202404190,CLE,OAK,CLE08,0.0,3479.46
CLE202404200,CLE,OAK,CLE08,0.0,0.0
CLE202404210,CLE,OAK,CLE08,0.0,0.0
CLE202404230,CLE,BOS,CLE08,0.0,1123.57
CLE202404240,CLE,BOS,CLE08,0.0,0.0
CLE202404250,CLE,BOS,CLE08,0.0,0.0
CLE202405030,CLE,ANA,CLE08,0.0,3479.46
CLE202405040,CLE,ANA,CLE08,0.0,0.0
CLE202405050,CLE,ANA,CLE08,0.0,0.0
CLE202405060,CLE,DET,CLE08,0.0,3479.46
CLE202405070,CLE,DET,CLE08,0.0,0.0
CLE202405080,CLE,DET,CLE08,0.0,0.0
CLE202405170,CLE,MIN,CLE08,0.0,3479.46
CLE202405180,CLE,MIN,CLE08,0.0,0.0
CLE202405190,CLE,MIN,CLE08,0.0,0.0
CLE202405200,CLE,NYN,CLE08,0.0,3479.46
CLE202405210,CLE,NYN,CLE08,0.0,0.0
CLE202405220,CLE,NYN,CLE08,0.0,0.0
CLE202405310,CLE,WAS,CLE08,0.0,3479.46
CLE202406010,CLE,WAS,CLE08,0.0,0.0
CLE202406020,CLE,WAS,CLE08,0.0,0.0
CLE202406040,CLE,KCA,CLE08,0.0,1123.57
CLE202406060,CLE,KCA,CLE08,0.0,0.0
CLE202406180,CLE,SEA,CLE08,0.0,1123.57
CLE202406190,CLE,SEA,CLE08,0.0,0.0
CLE202406200,CLE,SEA,CLE08,0.0,0.0
CLE202406210,CLE,TOR,CLE08,0.0,3479.46
CLE202406220,CLE,TOR,CLE08,0.0,0.0
CLE202406230,CLE,TOR,CLE08,0.0,0.0
CLE202407020,CLE,CHA,CLE08,0.0,0.0
CLE202407030,CLE,CHA,CLE08,0.0,0.0
CLE202407040,CLE,CHA,CLE08,0.0,0.0
CLE202407050,CLE,SFN,CLE08,0.0,3479.46
CLE202407060,CLE,SFN,CLE08,0.0,0.0
CLE202407070,CLE,SFN,CLE08,0.0,0.0
CLE202407190,CLE,SDN,CLE08,0.0,3479.46
CLE202407200,CLE,SDN,CLE08,0.0,0.0
CLE202407210,CLE,SDN,CLE08,0.0,0.0
CLE202407220,CLE,DET,CLE08,0.0,0.0
CLE202407230,CLE,DET,CLE08,0.0,0.0
CLE202407240,CLE,DET,CLE08,0.0,0.0
CLE202407250,CLE,DET,CLE08,0.0,0.0
CLE202408010,CLE,BAL,CLE08,0.0,1123.57
CLE202408020,CLE,BAL,CLE08,0.0,0.0
CLE202408030,CLE,BAL,CLE08,0.0,0.0
CLE202408040,CLE,BAL,CLE08,0.0,0.0
CLE202408050,CLE,ARI,CLE08,0.0,3479.46
CLE202408071,CLE,ARI,CLE08,0.0,0.0
CLE202408072,CLE,ARI,CLE08,0.0,0.0
CLE202408120,CLE,CHN,CLE08,0.0,3479.46
CLE202408130,CLE,CHN,CLE08,0.0,0.0
CLE202408140,CLE,CHN,CLE08,0.0,0.0
CLE202408230,CLE,TEX,CLE08,0.0,1123.57
CLE202408240,CLE,TEX,CLE08,0.0,0.0
CLE202408250,CLE,TEX,CLE08,0.0,0.0
CLE202408261,CLE,KCA,CLE08,0.0,0.0
CLE202408262,CLE,KCA,CLE08,0.0,0.0
CLE202408270,CLE,KCA,CLE08,0.0,0.0
CLE202408280,CLE,KCA,CLE08,0.0,0.0
CLE202408300,CLE,PIT,CLE08,0.0,3479.46
CLE202408310,CLE,PIT,CLE08,0.0,0.0
CLE202409010,CLE,PIT,CLE08,0.0,0.0
CLE202409120,CLE,TBA,CLE08,0.0,1123.57
CLE202409130,CLE,TBA,CLE08,0.0,0.0
CLE202409140,CLE,TBA,CLE08,0.0,0.0
CLE202409150,CLE,TBA,CLE08,0.0,0.0
CLE202409160,CLE,MIN,CLE08,0.0,0.0
CLE202409170,CLE,MIN,CLE08,0.0,0.0
CLE202409180,CLE,MIN,CLE08,0.0,0.0
CLE202409190,CLE,MIN,CLE08,0.0,0.0
CLE202409240,CLE,CIN,CLE08,0.0,3479.46
CLE202409250,CLE,CIN,CLE08,0.0,0.0
CLE202409270,CLE,HOU,CLE08,0.0,3479.46
CLE202409280,CLE,HOU,CLE08,0.0,0.0
SEA202403280,SEA,BOS,SEA03,3251.77,3251.77
SEA202403290,SEA,BOS,SEA03,0.0,0.0
SEA202403300,SEA,BOS,SEA03,0.0,0.0
SEA202403310,SEA,BOS,SEA03,0.0,0.0
SEA202404010,SEA,CLE,SEA03,0.0,3251.77
SEA202404020,SEA,CLE,SEA03,0.0,0.0
SEA202404030,SEA,CLE,SEA03,0.0,0.0
SEA202404120,SEA,CHN,SEA03,0.0,3251.77
SEA202404130,SEA,CHN,SEA03,0.0,0.0
SEA202404140,SEA,CHN,SEA03,0.0,0.0
SEA202404150,SEA,CIN,SEA03,0.0,3251.77
SEA202404160,SEA,CIN,SEA03,0.0,0.0
SEA202404170,SEA,CIN,SEA03,0.0,0.0
SEA202404260,SEA,ARI,SEA03,0.0,3251.77
SEA202404270,SEA,ARI,SEA03,0.0,0.0
SEA202404280,SEA,ARI,SEA03,0.0,0.0
SEA202404290,SEA,ATL,SEA03,0.0,1093.21
SEA202404300,SEA,ATL,SEA03,0.0,0.0
SEA202405010,SEA,ATL,SEA03,0.0,0.0
SEA202405100,SEA,OAK,SEA03,0.0,3251.77
SEA202405110,SEA,OAK,SEA03,0.0,0.0
SEA202405120,SEA,OAK,SEA03,0.0,0.0
SEA202405130,SEA,KCA,SEA03,0.0,3251.77
SEA202405140,SEA,KCA,SEA03,0.0,0.0
SEA202405150,SEA,KCA,SEA03,0.0,0.0
SEA202405270,SEA,HOU,SEA03,0.0,3251.77
SEA202405280,SEA,HOU,SEA03,0.0,0.0
SEA202405290,SEA,HOU,SEA03,0.0,0.0
SEA202405300,SEA,HOU,SEA03,0.0,0.0
SEA202405310,SEA,ANA,SEA03,0.0,3251.77
SEA202406010,SEA,ANA,SEA03,0.0,0.0
SEA202406020,SEA,ANA,SEA03,0.0,0.0
SEA202406100,SEA,CHA,SEA03,0.0,3251.77
SEA202406110,SEA,CHA,SEA03,0.0,0.0
SEA202406120,SEA,CHA,SEA03,0.0,0.0
SEA202406130,SEA,CHA,SEA03,0.0,0.0
SEA202406140,SEA,TEX,SEA03,0.0,3251.77
SEA202406150,SEA,TEX,SEA03,0.0,0.0
SEA202406160,SEA,TEX,SEA03,0.0,0.0
SEA202406280,SEA,MIN,SEA03,0.0,3251.77
SEA202406290,SEA,MIN,SEA03,0.0,0.0
SEA202406300,SEA,MIN,SEA03,0.0,0.0
SEA202407020,SEA,BAL,SEA03,0.0,3251.77
SEA202407030,SEA,BAL,SEA03,0.0,0.0
SEA202407040,SEA,BAL,SEA03,0.0,0.0
SEA202407050,SEA,TOR,SEA03,0.0,3251.77
SEA202407060,SEA,TOR,SEA03,0.0,0.0
SEA202407070,SEA,TOR,SEA03,0.0,0.0
SEA202407190,SEA,HOU,SEA03,0.0,0.0
SEA202407200,SEA,HOU,SEA03,0.0,0.0
SEA202407210,SEA,HOU,SEA03,0.0,0.0
SEA202407220,SEA,ANA,SEA03,0.0,0.0
SEA202407230,SEA,ANA,SEA03,0.0,0.0
SEA202407240,SEA,ANA,SEA03,0.0,0.0
SEA202408020,SEA,PHI,SEA03,0.0,1093.21
SEA202408030,SEA,PHI,SEA03,0.0,0.0
SEA202408040,SEA,PHI,SEA03,0.0,0.0
SEA202408060,SEA,DET,SEA03,0.0,3251.77
SEA202408070,SEA,DET,SEA03,0.0,0.0
SEA202408080,SEA,DET,SEA03,0.0,0.0
SEA202408090,SEA,NYN,SEA03,0.0,3251.77
SEA202408100,SEA,NYN,SEA03,0.0,0.0
SEA202408110,SEA,NYN,SEA03,0.0,0.0
SEA202408230,SEA,SFN,SEA03,0.0,3251.77
SEA202408240,SEA,SFN,SEA03,0.0,0.0
SEA202408250,SEA,SFN,SEA03,0.0,0.0
SEA202408260,SEA,TBA,SEA03,0.0,3251.77
SEA202408270,SEA,TBA,SEA03,0.0,0.0
SEA202408280,SEA,TBA,SEA03,0.0,0.0
SEA202409100,SEA,SDN,SEA03,0.0,3251.77
SEA202409110,SEA,SDN,SEA03,0.0,0.0
SEA202409120,SEA,TEX,SEA03,0.0,0.0
SEA202409130,SEA,TEX,SEA03,0.0,0.0
SEA202409140,SEA,TEX,SEA03,0.0,0.0
SEA202409150,SEA,TEX,SEA03,0.0,0.0
SEA202409170,SEA,NYA,SEA03,0.0,3251.77
SEA202409180,SEA,NYA,SEA03,0.0,0.0
SEA202409190,SEA,NYA,SEA03,0.0,0.0
SEA202409270,SEA,OAK,SEA03,0.0,0.0
SEA202409280,SEA,OAK,SEA03,0.0,0.0
SEA202409290,SEA,OAK,SEA03,0.0,0.0
TOR202404080,TOR,SEA,TOR02,3325.12,3325.12
TOR202404090,TOR,SEA,TOR02,0.0,0.0
TOR202404100,TOR,SEA,TOR02,0.0,0.0
TOR202404120,TOR,COL,TOR02,0.0,3643.77
TOR202404130,TOR,COL,TOR02,0.0,0.0
TOR202404140,TOR,COL,TOR02,0.0,0.0
TOR202404150,TOR,NYA,TOR02,0.0,3325.12
TOR202404160,TOR,NYA,TOR02,0.0,0.0
TOR202404170,TOR,NYA,TOR02,0.0,0.0
TOR202404260,TOR,LAN,TOR02,0.0,3643.77
TOR202404270,TOR,LAN,TOR02,0.0,0.0
TOR202404280,TOR,LAN,TOR02,0.0,0.0
TOR202404290,TOR,KCA,TOR02,0.0,3325.12
TOR202404300,TOR,KCA,TOR02,0.0,0.0
TOR202405010,TOR,KCA,TOR02,0.0,0.0
TOR202405100,TOR,MIN,TOR02,0.0,3325.12
TOR202405110,TOR,MIN,TOR02,0.0,0.0
TOR202405120,TOR,MIN,TOR02,0.0,0.0
TOR202405170,TOR,TBA,TOR02,0.0,3325.12
TOR202405180,TOR,TBA,TOR02,0.0,0.0
TOR202405190,TOR,TBA,TOR02,0.0,0.0
TOR202405200,TOR,CHA,TOR02,0.0,3325.12
TOR202405210,TOR,CHA,TOR02,0.0,0.0
TOR202405220,TOR,CHA,TOR02,0.0,0.0
TOR202405310,TOR,PIT,TOR02,0.0,305.22
TOR202406010,TOR,PIT,TOR02,0.0,0.0
TOR202406020,TOR,PIT,TOR02,0.0,0.0
TOR202406030,TOR,BAL,TOR02,0.0,3325.12
TOR202406040,TOR,BAL,TOR02,0.0,0.0
TOR202406050,TOR,BAL,TOR02,0.0,0.0
TOR202406060,TOR,BAL,TOR02,0.0,0.0
TOR202406140,TOR,CLE,TOR02,0.0,3325.12
TOR202406150,TOR,CLE,TOR02,0.0,0.0
TOR202406160,TOR,CLE,TOR02,0.0,0.0
TOR202406170,TOR,BOS,TOR02,0.0,3325.12
TOR202406180,TOR,BOS,TOR02,0.0,0.0
TOR202406190,TOR,BOS,TOR02,0.0,0.0
TOR202406270,TOR,NYA,TOR02,0.0,0.0
TOR202406280,TOR,NYA,TOR02,0.0,0.0
TOR202406290,TOR,NYA,TOR02,0.0,0.0
TOR202406300,TOR,NYA,TOR02,0.0,0.0
TOR202407010,TOR,HOU,TOR02,0.0,3325.12
TOR202407020,TOR,HOU,TOR02,0.0,0.0
TOR202407030,TOR,HOU,TOR02,0.0,0.0
TOR202407040,TOR,HOU,TOR02,0.0,0.0
TOR202407190,TOR,DET,TOR02,0.0,3325.12
TOR202407200,TOR,DET,TOR02,0.0,0.0
TOR202407210,TOR,DET,TOR02,0.0,0.0
TOR202407230,TOR,TBA,TOR02,0.0,0.0
TOR202407240,TOR,TBA,TOR02,0.0,0.0
TOR202407250,TOR,TBA,TOR02,0.0,0.0
TOR202407260,TOR,TEX,TOR02,0.0,3325.12
TOR202407270,TOR,TEX,TOR02,0.0,0.0
TOR202407280,TOR,TEX,TOR02,0.0,0.0
TOR202408060,TOR,BAL,TOR02,0.0,0.0
TOR202408070,TOR,BAL,TOR02,0.0,0.0
TOR202408080,TOR,BAL,TOR02,0.0,0.0
TOR202408090,TOR,OAK,TOR02,0.0,3325.12
TOR202408100,TOR,OAK,TOR02,0.0,0.0
TOR202408110,TOR,OAK,TOR02,0.0,0.0
TOR202408190,TOR,CIN,TOR02,0.0,3325.12
TOR202408200,TOR,CIN,TOR02,0.0,0.0
TOR202408210,TOR,CIN,TOR02,0.0,0.0
TOR202408220,TOR,ANA,TOR02,0.0,3325.12
TOR202408230,TOR,ANA,TOR02,0.0,0.0
TOR202408240,TOR,ANA,TOR02,0.0,0.0
TOR202408250,TOR,ANA,TOR02,0.0,0.0
TOR202409030,TOR,PHI,TOR02,0.0,3325.12
TOR202409040,TOR,PHI,TOR02,0.0,0.0
TOR202409090,TOR,NYN,TOR02,0.0,3325.12
TOR202409100,TOR,NYN,TOR02,0.0,0.0
TOR202409110,TOR,NYN,TOR02,0.0,0.0
TOR202409130,TOR,SLN,TOR02,0.0,3643.77
TOR202409140,TOR,SLN,TOR02,0.0,0.0
TOR202409150,TOR,SLN,TOR02,0.0,0.0
TOR202409230,TOR,BOS,TOR02,0.0,0.0
TOR202409240,TOR,BOS,TOR02,0.0,0.0
TOR202409250,TOR,BOS,TOR02,0.0,0.0
TOR202409270,TOR,MIA,TOR02,0.0,3643.77
TOR202409280,TOR,MIA,TOR02,0.0,0.0
TOR202409290,TOR,MIA,TOR02,0.0,0.0
OAK202403280,OAK,CLE,OAK01,3630.54,3630.54
OAK202403290,OAK,CLE,OAK01,0.0,0.0
OAK202403300,OAK,CLE,OAK01,0.0,0.0
OAK202403310,OAK,CLE,OAK01,0.0,0.0
OAK202404010,OAK,BOS,OAK01,0.0,3630.54
OAK202404020,OAK,BOS,OAK01,0.0,0.0
OAK202404030,OAK,BOS,OAK01,0.0,0.0
OAK202404120,OAK,WAS,OAK01,0.0,3466.09
OAK202404130,OAK,WAS,OAK01,0.0,0.0
OAK202404140,OAK,WAS,OAK01,0.0,0.0
OAK202404150,OAK,SLN,OAK01,0.0,3630.54
OAK202404160,OAK,SLN,OAK01,0.0,0.0
OAK202404170,OAK,SLN,OAK01,0.0,0.0
OAK202404290,OAK,PIT,OAK01,0.0,3630.54
OAK202404300,OAK,PIT,OAK01,0.0,0.0
OAK202405010,OAK,PIT,OAK01,0.0,0.0
OAK202405030,OAK,MIA,OAK01,0.0,3630.54
OAK202405040,OAK,MIA,OAK01,0.0,0.0
OAK202405050,OAK,MIA,OAK01,0.0,0.0
OAK202405060,OAK,TEX,OAK01,0.0,3630.54
OAK202405070,OAK,TEX,OAK01,0.0,0.0
OAK202405081,OAK,TEX,OAK01,0.0,0.0
OAK202405082,OAK,TEX,OAK01,0.0,0.0
OAK202405210,OAK,COL,OAK01,0.0,3630.54
OAK202405220,OAK,COL,OAK01,0.0,0.0
OAK202405230,OAK,COL,OAK01,0.0,0.0
OAK202405240,OAK,HOU,OAK01,0.0,3630.54
OAK202405250,OAK,HOU,OAK01,0.0,0.0
OAK202405260,OAK,HOU,OAK01,0.0,0.0
OAK202406040,OAK,SEA,OAK01,0.0,3630.54
OAK202406050,OAK,SEA,OAK01,0.0,0.0
OAK202406060,OAK,SEA,OAK01,0.0,0.0
OAK202406070,OAK,TOR,OAK01,0.0,3630.54
OAK202406080,OAK,TOR,OAK01,0.0,0.0
OAK202406090,OAK,TOR,OAK01,0.0,0.0
OAK202406180,OAK,KCA,OAK01,0.0,3630.54
OAK202406190,OAK,KCA,OAK01,0.0,0.0
OAK202406200,OAK,KCA,OAK01,0.0,0.0
OAK202406210,OAK,MIN,OAK01,0.0,3630.54
OAK202406220,OAK,MIN,OAK01,0.0,0.0
OAK202406230,OAK,MIN,OAK01,0.0,0.0
OAK202407020,OAK,ANA,OAK01,0.0,3630.54
OAK202407030,OAK,ANA,OAK01,0.0,0.0
OAK202407040,OAK,ANA,OAK01,0.0,0.0
OAK202407050,OAK,BAL,OAK01,0.0,3630.54
OAK202407060,OAK,BAL,OAK01,0.0,0.0
OAK202407070,OAK,BAL,OAK01,0.0,0.0
OAK202407190,OAK,ANA,OAK01,0.0,0.0
OAK202407200,OAK,ANA,OAK01,0.0,0.0
OAK202407210,OAK,ANA,OAK01,0.0,0.0
OAK202407220,OAK,HOU,OAK01,0.0,0.0
OAK202407230,OAK,HOU,OAK01,0.0,0.0
OAK202407240,OAK,HOU,OAK01,0.0,0.0
OAK202408020,OAK,LAN,OAK01,0.0,3630.54
OAK202408030,OAK,LAN,OAK01,0.0,0.0
OAK202408040,OAK,LAN,OAK01,0.0,0.0
OAK202408050,OAK,CHA,OAK01,0.0,3630.54
OAK202408060,OAK,CHA,OAK01,0.0,0.0
OAK202408070,OAK,CHA,OAK01,0.0,0.0
OAK202408170,OAK,SFN,OAK01,0.0,1089.92
OAK202408180,OAK,SFN,OAK01,0.0,0.0
OAK202408190,OAK,TBA,OAK01,0.0,3630.54
OAK202408200,OAK,TBA,OAK01,0.0,0.0
OAK202408210,OAK,TBA,OAK01,0.0,0.0
OAK202408220,OAK,TBA,OAK01,0.0,0.0
OAK202408230,OAK,MIL,OAK01,0.0,13.44
OAK202408240,OAK,MIL,OAK01,0.0,0.0
OAK202408250,OAK,MIL,OAK01,0.0,0.0
OAK202409020,OAK,SEA,OAK01,0.0,0.0
OAK202409030,OAK,SEA,OAK01,0.0,0.0
OAK202409040,OAK,SEA,OAK01,0.0,0.0
OAK202409050,OAK,SEA,OAK01,0.0,0.0
OAK202409060,OAK,DET,OAK01,0.0,3630.54
OAK202409070,OAK,DET,OAK01,0.0,0.0
OAK202409080,OAK,DET,OAK01,0.0,0.0
OAK202409200,OAK,NYA,OAK01,0.0,3630.54
OAK202409210,OAK,NYA,OAK01,0.0,0.0
OAK202409220,OAK,NYA,OAK01,0.0,0.0
OAK202409240,OAK,TEX,OAK01,0.0,0.0
OAK202409250,OAK,TEX,OAK01,0.0,0.0
OAK202409260,OAK,TEX,OAK01,0.0,0.0
COL202404050,COL,TBA,DEN02,1511.07,1511.07
COL202404060,COL,TBA,DEN02,0.0,0.0
COL202404070,COL,TBA,DEN02,0.0,0.0
COL202404080,COL,ARI,DEN02,0.0,1640.74
COL202404090,COL,ARI,DEN02,0.0,0.0
COL202404100,COL,ARI,DEN02,0.0,0.0
COL202404200,COL,SEA,DEN02,0.0,1511.07
COL202404211,COL,SEA,DEN02,0.0,0.0
COL202404212,COL,SEA,DEN02,0.0,0.0
COL202404220,COL,SDN,DEN02,0.0,1640.74
COL202404230,COL,SDN,DEN02,0.0,0.0
COL202404240,COL,SDN,DEN02,0.0,0.0
COL202404250,COL,SDN,DEN02,0.0,0.0
COL202404270,COL,HOU,MEX02,0.0,1511.07
COL202404280,COL,HOU,MEX02,0.0,0.0
COL202405070,COL,SFN,DEN02,0.0,1511.07
COL202405080,COL,SFN,DEN02,0.0,0.0
COL202405090,COL,SFN,DEN02,0.0,0.0
COL202405100,COL,TEX,DEN02,0.0,1511.07
COL202405110,COL,TEX,DEN02,0.0,0.0
COL202405120,COL,TEX,DEN02,0.0,0.0
COL202405240,COL,PHI,DEN02,0.0,2161.05
COL202405250,COL,PHI,DEN02,0.0,0.0
COL202405260,COL,PHI,DEN02,0.0,0.0
COL202405270,COL,CLE,DEN02,0.0,1511.07
COL202405280,COL,CLE,DEN02,0.0,0.0
COL202405290,COL,CLE,DEN02,0.0,0.0
COL202406030,COL,CIN,DEN02,0.0,2161.05
COL202406040,COL,CIN,DEN02,0.0,0.0
COL202406050,COL,CIN,DEN02,0.0,0.0
COL202406140,COL,PIT,DEN02,0.0,1511.07
COL202406150,COL,PIT,DEN02,0.0,0.0
COL202406160,COL,PIT,DEN02,0.0,0.0
COL202406170,COL,LAN,DEN02,0.0,1511.07
COL202406180,COL,LAN,DEN02,0.0,0.0
COL202406190,COL,LAN,DEN02,0.0,0.0
COL202406200,COL,LAN,DEN02,0.0,0.0
COL202406210,COL,WAS,DEN02,0.0,1511.07
COL202406220,COL,WAS,DEN02,0.0,0.0
COL202406230,COL,WAS,DEN02,0.0,0.0
COL202407010,COL,MIL,DEN02,0.0,1511.07
COL202407020,COL,MIL,DEN02,0.0,0.0
COL202407030,COL,MIL,DEN02,0.0,0.0
COL202407040,COL,MIL,DEN02,0.0,0.0
COL202407050,COL,KCA,DEN02,0.0,1511.07
COL202407060,COL,KCA,DEN02,0.0,0.0
COL202407070,COL,KCA,DEN02,0.0,0.0
COL202407190,COL,SFN,DEN02,0.0,0.0
COL202407200,COL,SFN,DEN02,0.0,0.0
COL202407210,COL,SFN,DEN02,0.0,0.0
COL202407220,COL,BOS,DEN02,0.0,1511.07
COL202407230,COL,BOS,DEN02,0.0,0.0
COL202407240,COL,BOS,DEN02,0.0,0.0
COL202408060,COL,NYN,DEN02,0.0,2161.05
COL202408070,COL,NYN,DEN02,0.0,0.0
COL202408080,COL,NYN,DEN02,0.0,0.0
COL202408090,COL,ATL,DEN02,0.0,1640.74
COL202408100,COL,ATL,DEN02,0.0,0.0
COL202408110,COL,ATL,DEN02,0.0,0.0
COL202408160,COL,SDN,DEN02,0.0,0.0
COL202408170,COL,SDN,DEN02,0.0,0.0
COL202408180,COL,SDN,DEN02,0.0,0.0
COL202408260,COL,MIA,DEN02,0.0,1511.07
COL202408270,COL,MIA,DEN02,0.0,0.0
COL202408280,COL,MIA,DEN02,0.0,0.0
COL202408290,COL,MIA,DEN02,0.0,0.0
COL202408300,COL,BAL,DEN02,0.0,1511.07
COL202408310,COL,BAL,DEN02,0.0,0.0
COL202409010,COL,BAL,DEN02,0.0,0.0
COL202409130,COL,CHN,DEN02,0.0,1640.74
COL202409140,COL,CHN,DEN02,0.0,0.0
COL202409150,COL,CHN,DEN02,0.0,0.0
COL202409160,COL,ARI,DEN02,0.0,0.0
COL202409170,COL,ARI,DEN02,0.0,0.0
COL202409180,COL,ARI,DEN02,0.0,0.0
COL202409240,COL,SLN,DEN02,0.0,1511.07
COL202409250,COL,SLN,DEN02,0.0,0.0
COL202409260,COL,SLN,DEN02,0.0,0.0
COL202409270,COL,LAN,DEN02,0.0,0.0
COL202409280,COL,LAN,DEN02,0.0,0.0
COL202409290,COL,LAN,DEN02,0.0,0.0
SDN202403200,SDN,LAN,SEO01,1340.25,1340.25
SDN202403280,SDN,SFN,SAN02,0.0,1340.25
SDN202403290,SDN,SFN,SAN02,0.0,0.0
SDN202403300,SDN,SFN,SAN02,0.0,0.0
SDN202403310,SDN,SFN,SAN02,0.0,0.0
SDN202404010,SDN,SLN,SAN02,0.0,1340.25
SDN202404020,SDN,SLN,SAN02,0.0,0.0
SDN202404030,SDN,SLN,SAN02,0.0,0.0
SDN202404080,SDN,CHN,SAN02,0.0,1340.25
SDN202404090,SDN,CHN,SAN02,0.0,0.0
SDN202404100,SDN,CHN,SAN02,0.0,0.0
SDN202404190,SDN,TOR,SAN02,0.0,731.46
SDN202404200,SDN,TOR,SAN02,0.0,0.0
SDN202404210,SDN,TOR,SAN02,0.0,0.0
SDN202404260,SDN,PHI,SAN02,0.0,1340.25
SDN202404270,SDN,PHI,SAN02,0.0,0.0
SDN202404280,SDN,PHI,SAN02,0.0,0.0
SDN202404290,SDN,CIN,SAN02,0.0,1340.25
SDN202404300,SDN,CIN,SAN02,0.0,0.0
SDN202405010,SDN,CIN,SAN02,0.0,0.0
SDN202405100,SDN,LAN,SAN02,0.0,0.0
SDN202405110,SDN,LAN,SAN02,0.0,0.0
SDN202405120,SDN,LAN,SAN02,0.0,0.0
SDN202405130,SDN,COL,SAN02,0.0,1340.25
SDN202405140,SDN,COL,SAN02,0.0,0.0
SDN202405150,SDN,COL,SAN02,0.0,0.0
SDN202405240,SDN,NYA,SAN02,0.0,731.46
SDN202405250,SDN,NYA,SAN02,0.0,0.0
SDN202405260,SDN,NYA,SAN02,0.0,0.0
SDN202405270,SDN,MIA,SAN02,0.0,1340.25
SDN202405280,SDN,MIA,SAN02,0.0,0.0
SDN202405290,SDN,MIA,SAN02,0.0,0.0
SDN202406060,SDN,ARI,SAN02,0.0,1340.25
SDN202406070,SDN,ARI,SAN02,0.0,0.0
SDN202406080,SDN,ARI,SAN02,0.0,0.0
SDN202406090,SDN,ARI,SAN02,0.0,0.0
SDN202406100,SDN,OAK,SAN02,0.0,731.46
SDN202406110,SDN,OAK,SAN02,0.0,0.0
SDN202406120,SDN,OAK,SAN02,0.0,0.0
SDN202406200,SDN,MIL,SAN02,0.0,1340.25
SDN202406210,SDN,MIL,SAN02,0.0,0.0
SDN202406220,SDN,MIL,SAN02,0.0,0.0
SDN202406230,SDN,MIL,SAN02,0.0,0.0
SDN202406240,SDN,WAS,SAN02,0.0,1340.25
SDN202406250,SDN,WAS,SAN02,0.0,0.0
SDN202406260,SDN,WAS,SAN02,0.0,0.0
SDN202407050,SDN,ARI,SAN02,0.0,0.0
SDN202407060,SDN,ARI,SAN02,0.0,0.0
SDN202407070,SDN,ARI,SAN02,0.0,0.0
SDN202407090,SDN,SEA,SAN02,0.0,1340.25
SDN202407100,SDN,SEA,SAN02,0.0,0.0
SDN202407120,SDN,ATL,SAN02,0.0,1340.25
SDN202407130,SDN,ATL,SAN02,0.0,0.0
SDN202407140,SDN,ATL,SAN02,0.0,0.0
SDN202407300,SDN,LAN,SAN02,0.0,0.0
SDN202407310,SDN,LAN,SAN02,0.0,0.0
SDN202408020,SDN,COL,SAN02,0.0,0.0
SDN202408030,SDN,COL,SAN02,0.0,0.0
SDN202408040,SDN,COL,SAN02,0.0,0.0
SDN202408120,SDN,PIT,SAN02,0.0,1340.25
SDN202408130,SDN,PIT,SAN02,0.0,0.0
SDN202408140,SDN,PIT,SAN02,0.0,0.0
SDN202408190,SDN,MIN,SAN02,0.0,731.46
SDN202408200,SDN,MIN,SAN02,0.0,0.0
SDN202408210,SDN,MIN,SAN02,0.0,0.0
SDN202408220,SDN,NYN,SAN02,0.0,1340.25
SDN202408230,SDN,NYN,SAN02,0.0,0.0
SDN202408240,SDN,NYN,SAN02,0.0,0.0
SDN202408250,SDN,NYN,SAN02,0.0,0.0
SDN202409020,SDN,DET,SAN02,0.0,731.46
SDN202409040,SDN,DET,SAN02,0.0,0.0
SDN202409050,SDN,DET,SAN02,0.0,0.0
SDN202409060,SDN,SFN,SAN02,0.0,0.0
SDN202409070,SDN,SFN,SAN02,0.0,0.0
SDN202409080,SDN,SFN,SAN02,0.0,0.0
SDN202409160,SDN,HOU,SAN02,0.0,1340.25
SDN202409170,SDN,HOU,SAN02,0.0,0.0
SDN202409180,SDN,HOU,SAN02,0.0,0.0
SDN202409200,SDN,CHA,SAN02,0.0,731.46
SDN202409210,SDN,CHA,SAN02,0.0,0.0
SDN202409220,SDN,CHA,SAN02,0.0,0.0
DET202404050,DET,OAK,DET05,3167.78,3167.78
DET202404060,DET,OAK,DET05,0.0,0.0
DET202404070,DET,OAK,DET05,0.0,0.0
DET202404120,DET,MIN,DET05,0.0,3167.78
DET202404131,DET,MIN,DET05,0.0,0.0
DET202404132,DET,MIN,DET05,0.0,0.0
DET202404140,DET,MIN,DET05,0.0,0.0
DET202404150,DET,TEX,DET05,0.0,1857.69
DET202404160,DET,TEX,DET05,0.0,0.0
DET202404170,DET,TEX,DET05,0.0,0.0
DET202404180,DET,TEX,DET05,0.0,0.0
DET202404260,DET,KCA,DET05,0.0,1857.69
DET202404270,DET,KCA,DET05,0.0,0.0
DET202404280,DET,KCA,DET05,0.0,0.0
DET202404301,DET,SLN,DET05,0.0,3167.78
DET202404302,DET,SLN,DET05,0.0,0.0
DET202405010,DET,SLN,DET05,0.0,0.0
DET202405100,DET,HOU,DET05,0.0,3167.78
DET202405110,DET,HOU,DET05,0.0,0.0
DET202405120,DET,HOU,DET05,0.0,0.0
DET202405130,DET,MIA,DET05,0.0,3167.78
DET202405140,DET,MIA,DET05,0.0,0.0
DET202405150,DET,MIA,DET05,0.0,0.0
DET202405230,DET,TOR,DET05,0.0,3167.78
DET202405240,DET,TOR,DET05,0.0,0.0
DET202405250,DET,TOR,DET05,0.0,0.0
DET202405260,DET,TOR,DET05,0.0,0.0
DET202405291,DET,PIT,DET05,0.0,3167.78
DET202405292,DET,PIT,DET05,0.0,0.0
DET202406070,DET,MIL,DET05,0.0,3167.78
DET202406080,DET,MIL,DET05,0.0,0.0
DET202406090,DET,MIL,DET05,0.0,0.0
DET202406110,DET,WAS,DET05,0.0,3167.78
DET202406120,DET,WAS,DET05,0.0,0.0
DET202406130,DET,WAS,DET05,0.0,0.0
DET202406210,DET,CHA,DET05,0.0,3167.78
DET202406220,DET,CHA,DET05,0.0,0.0
DET202406230,DET,CHA,DET05,0.0,0.0
DET202406240,DET,PHI,DET05,0.0,3167.78
DET202406250,DET,PHI,DET05,0.0,0.0
DET202406260,DET,PHI,DET05,0.0,0.0
DET202407080,DET,CLE,DET05,0.0,1857.69
DET202407090,DET,CLE,DET05,0.0,0.0
DET202407100,DET,CLE,DET05,0.0,0.0
DET202407110,DET,CLE,DET05,0.0,0.0
DET202407120,DET,LAN,DET05,0.0,3167.78
DET202407130,DET,LAN,DET05,0.0,0.0
DET202407140,DET,LAN,DET05,0.0,0.0
DET202407260,DET,MIN,DET05,0.0,0.0
DET202407270,DET,MIN,DET05,0.0,0.0
DET202407280,DET,MIN,DET05,0.0,0.0
DET202407290,DET,CLE,DET05,0.0,0.0
DET202407300,DET,CLE,DET05,0.0,0.0
DET202408010,DET,KCA,DET05,0.0,0.0
DET202408020,DET,KCA,DET05,0.0,0.0
DET202408030,DET,KCA,DET05,0.0,0.0
DET202408040,DET,KCA,DET05,0.0,0.0
DET202408130,DET,SEA,DET05,0.0,3167.78
DET202408140,DET,SEA,DET05,0.0,0.0
DET202408150,DET,SEA,DET05,0.0,0.0
DET202408160,DET,NYA,DET05,0.0,3167.78
DET202408170,DET,NYA,DET05,0.0,0.0
DET202408180,DET,NYA,WIL02,0.0,0.0
DET202408270,DET,ANA,DET05,0.0,3345.55
DET202408280,DET,ANA,DET05,0.0,0.0
DET202408290,DET,ANA,DET05,0.0,0.0
DET202408300,DET,BOS,DET05,0.0,1857.69
DET202408310,DET,BOS,DET05,0.0,0.0
DET202409010,DET,BOS,DET05,0.0,0.0
DET202409100,DET,COL,DET05,0.0,3167.78
DET202409110,DET,COL,DET05,0.0,0.0
DET202409120,DET,COL,DET05,0.0,0.0
DET202409130,DET,BAL,DET05,0.0,1857.69
DET202409140,DET,BAL,DET05,0.0,0.0
DET202409150,DET,BAL,DET05,0.0,0.0
DET202409240,DET,TBA,DET05,0.0,1857.69
DET202409250,DET,TBA,DET05,0.0,0.0
DET202409260,DET,TBA,DET05,0.0,0.0
DET202409270,DET,CHA,DET05,0.0,0.0
DET202409280,DET,CHA,DET05,0.0,0.0
DET202409290,DET,CHA,DET05,0.0,0.0
ATL202404050,ATL,ARI,ATL03,3037.53,3037.53
ATL202404060,ATL,ARI,ATL03,0.0,0.0
ATL202404070,ATL,ARI,ATL03,0.0,0.0
ATL202404080,ATL,NYN,ATL03,0.0,3037.53
ATL202404090,ATL,NYN,ATL03,0.0,0.0
ATL202404110,ATL,NYN,ATL03,0.0,0.0
ATL202404190,ATL,TEX,ATL03,0.0,961.49
ATL202404200,ATL,TEX,ATL03,0.0,0.0
ATL202404210,ATL,TEX,ATL03,0.0,0.0
ATL202404220,ATL,MIA,ATL03,0.0,961.49
ATL202404230,ATL,MIA,ATL03,0.0,0.0
ATL202404240,ATL,MIA,ATL03,0.0,0.0
ATL202404260,ATL,CLE,ATL03,0.0,961.49
ATL202404270,ATL,CLE,ATL03,0.0,0.0
ATL202404280,ATL,CLE,ATL03,0.0,0.0
ATL202405070,ATL,BOS,ATL03,0.0,961.49
ATL202405080,ATL,BOS,ATL03,0.0,0.0
ATL202405130,ATL,CHN,ATL03,0.0,3037.53
ATL202405140,ATL,CHN,ATL03,0.0,0.0
ATL202405150,ATL,CHN,ATL03,0.0,0.0
ATL202405170,ATL,SDN,ATL03,0.0,3037.53
ATL202405190,ATL,SDN,ATL03,0.0,0.0
ATL202405201,ATL,SDN,ATL03,0.0,0.0
ATL202405202,ATL,SDN,ATL03,0.0,0.0
ATL202405270,ATL,WAS,ATL03,0.0,961.49
ATL202405280,ATL,WAS,ATL03,0.0,0.0
ATL202405290,ATL,WAS,ATL03,0.0,0.0
ATL202405300,ATL,WAS,ATL03,0.0,0.0
ATL202405310,ATL,OAK,ATL03,0.0,961.49
ATL202406010,ATL,OAK,ATL03,0.0,0.0
ATL202406020,ATL,OAK,ATL03,0.0,0.0
ATL202406140,ATL,TBA,ATL03,0.0,961.49
ATL202406150,ATL,TBA,ATL03,0.0,0.0
ATL202406160,ATL,TBA,ATL03,0.0,0.0
ATL202406170,ATL,DET,ATL03,0.0,961.49
ATL202406180,ATL,DET,ATL03,0.0,0.0
ATL202406190,ATL,DET,ATL03,0.0,0.0
ATL202406280,ATL,PIT,ATL03,0.0,961.49
ATL202406290,ATL,PIT,ATL03,0.0,0.0
ATL202406300,ATL,PIT,ATL03,0.0,0.0
ATL202407020,ATL,SFN,ATL03,0.0,3037.53
ATL202407030,ATL,SFN,ATL03,0.0,0.0
ATL202407040,ATL,SFN,ATL03,0.0,0.0
ATL202407050,ATL,PHI,ATL03,0.0,961.49
ATL202407060,ATL,PHI,ATL03,0.0,0.0
ATL202407070,ATL,PHI,ATL03,0.0,0.0
ATL202407201,ATL,SLN,ATL03,0.0,961.49
ATL202407202,ATL,SLN,ATL03,0.0,0.0
ATL202407210,ATL,SLN,ATL03,0.0,0.0
ATL202407220,ATL,CIN,ATL03,0.0,3037.53
ATL202407240,ATL,CIN,ATL03,0.0,0.0
ATL202408010,ATL,MIA,ATL03,0.0,0.0
ATL202408020,ATL,MIA,ATL03,0.0,0.0
ATL202408030,ATL,MIA,ATL03,0.0,0.0
ATL202408040,ATL,MIA,ATL03,0.0,0.0
ATL202408060,ATL,MIL,ATL03,0.0,961.49
ATL202408070,ATL,MIL,ATL03,0.0,0.0
ATL202408080,ATL,MIL,ATL03,0.0,0.0
ATL202408200,ATL,PHI,ATL03,0.0,0.0
ATL202408210,ATL,PHI,ATL03,0.0,0.0
ATL202408220,ATL,PHI,ATL03,0.0,0.0
ATL202408230,ATL,WAS,ATL03,0.0,0.0
ATL202408240,ATL,WAS,ATL03,0.0,0.0
ATL202408250,ATL,WAS,ATL03,0.0,0.0
ATL202409030,ATL,COL,ATL03,0.0,961.49
ATL202409040,ATL,COL,ATL03,0.0,0.0
ATL202409050,ATL,COL,ATL03,0.0,0.0
ATL202409060,ATL,TOR,ATL03,0.0,961.49
ATL202409070,ATL,TOR,ATL03,0.0,0.0
ATL202409080,ATL,TOR,ATL03,0.0,0.0
ATL202409090,ATL,CIN,ATL03,0.0,0.0
ATL202409130,ATL,LAN,ATL03,0.0,961.49
ATL202409140,ATL,LAN,ATL03,0.0,0.0
ATL202409150,ATL,LAN,ATL03,0.0,0.0
ATL202409160,ATL,LAN,ATL03,0.0,0.0
ATL202409240,ATL,NYN,ATL03,0.0,0.0
ATL202409270,ATL,KCA,ATL03,0.0,961.49
ATL202409280,ATL,KCA,ATL03,0.0,0.0
ATL202409290,ATL,KCA,ATL03,0.0,0.0
ATL202409301,ATL,NYN,ATL03,0.0,0.0
ATL202409302,ATL,NYN,ATL03,0.0,0.0
ANA202404050,ANA,BOS,ANA01,3169.47,3084.16
ANA202404060,ANA,BOS,ANA01,0.0,0.0
ANA202404070,ANA,BOS,ANA01,0.0,0.0
ANA202404080,ANA,TBA,ANA01,0.0,3084.16
ANA202404090,ANA,TBA,ANA01,0.0,0.0
ANA202404100,ANA,TBA,ANA01,0.0,0.0
ANA202404220,ANA,BAL,ANA01,0.0,3169.47
ANA202404230,ANA,BAL,ANA01,0.0,0.0
ANA202404240,ANA,BAL,ANA01,0.0,0.0
ANA202404260,ANA,MIN,ANA01,0.0,3169.47
ANA202404270,ANA,MIN,ANA01,0.0,0.0
ANA202404280,ANA,MIN,ANA01,0.0,0.0
ANA202404290,ANA,PHI,ANA01,0.0,3084.16
ANA202404300,ANA,PHI,ANA01,0.0,0.0
ANA202405010,ANA,PHI,ANA01,0.0,0.0
ANA202405090,ANA,KCA,ANA01,0.0,3084.16
ANA202405100,ANA,KCA,ANA01,0.0,0.0
ANA202405110,ANA,KCA,ANA01,0.0,0.0
ANA202405120,ANA,KCA,ANA01,0.0,0.0
ANA202405130,ANA,SLN,ANA01,0.0,3084.16
ANA202405140,ANA,SLN,ANA01,0.0,0.0
ANA202405150,ANA,SLN,ANA01,0.0,0.0
ANA202405240,ANA,CLE,ANA01,0.0,3084.16
ANA202405250,ANA,CLE,ANA01,0.0,0.0
ANA202405260,ANA,CLE,ANA01,0.0,0.0
ANA202405280,ANA,NYA,ANA01,0.0,3169.47
ANA202405290,ANA,NYA,ANA01,0.0,0.0
ANA202405300,ANA,NYA,ANA01,0.0,0.0
ANA202406030,ANA,SDN,ANA01,0.0,3084.16
ANA202406040,ANA,SDN,ANA01,0.0,0.0
ANA202406050,ANA,SDN,ANA01,0.0,0.0
ANA202406070,ANA,HOU,ANA01,0.0,3169.47
ANA202406080,ANA,HOU,ANA01,0.0,0.0
ANA202406090,ANA,HOU,ANA01,0.0,0.0
ANA202406170,ANA,MIL,ANA01,0.0,3084.16
ANA202406180,ANA,MIL,ANA01,0.0,0.0
ANA202406190,ANA,MIL,ANA01,0.0,0.0
ANA202406240,ANA,OAK,ANA01,0.0,3084.16
ANA202406250,ANA,OAK,ANA01,0.0,0.0
ANA202406260,ANA,OAK,ANA01,0.0,0.0
ANA202406270,ANA,DET,ANA01,0.0,3084.16
ANA202406280,ANA,DET,ANA01,0.0,0.0
ANA202406290,ANA,DET,ANA01,0.0,0.0
ANA202406300,ANA,DET,ANA01,0.0,0.0
ANA202407080,ANA,TEX,ANA01,0.0,3084.16
ANA202407090,ANA,TEX,ANA01,0.0,0.0
ANA202407100,ANA,TEX,ANA01,0.0,0.0
ANA202407110,ANA,SEA,ANA01,0.0,3169.47
ANA202407120,ANA,SEA,ANA01,0.0,0.0
ANA202407130,ANA,SEA,ANA01,0.0,0.0
ANA202407140,ANA,SEA,ANA01,0.0,0.0
ANA202407250,ANA,OAK,ANA01,0.0,0.0
ANA202407260,ANA,OAK,ANA01,0.0,0.0
ANA202407270,ANA,OAK,ANA01,0.0,0.0
ANA202407280,ANA,OAK,ANA01,0.0,0.0
ANA202407300,ANA,COL,ANA01,0.0,3084.16
ANA202407310,ANA,COL,ANA01,0.0,0.0
ANA202408010,ANA,COL,ANA01,0.0,0.0
ANA202408020,ANA,NYN,ANA01,0.0,3084.16
ANA202408030,ANA,NYN,ANA01,0.0,0.0
ANA202408040,ANA,NYN,ANA01,0.0,0.0
ANA202408120,ANA,TOR,ANA01,0.0,3084.16
ANA202408130,ANA,TOR,ANA01,0.0,0.0
ANA202408140,ANA,TOR,ANA01,0.0,0.0
ANA202408160,ANA,ATL,ANA01,0.0,3084.16
ANA202408170,ANA,ATL,ANA01,0.0,0.0
ANA202408180,ANA,ATL,ANA01,0.0,0.0
ANA202408300,ANA,SEA,ANA01,0.0,0.0
ANA202408310,ANA,SEA,ANA01,0.0,0.0
ANA202409010,ANA,SEA,ANA01,0.0,0.0
ANA202409030,ANA,LAN,ANA01,0.0,3084.16
ANA202409040,ANA,LAN,ANA01,0.0,0.0
ANA202409130,ANA,HOU,ANA01,0.0,0.0
ANA202409140,ANA,HOU,ANA01,0.0,0.0
ANA202409150,ANA,HOU,ANA01,0.0,0.0
ANA202409160,ANA,CHA,ANA01,0.0,3169.47
ANA202409170,ANA,CHA,ANA01,0.0,0.0
ANA202409180,ANA,CHA,ANA01,0.0,0.0
ANA202409270,ANA,TEX,ANA01,0.0,0.0
ANA202409280,ANA,TEX,ANA01,0.0,0.0
ANA202409290,ANA,TEX,ANA01,0.0,0.0
MIL202404020,MIL,MIN,MIL06,2788.23,2788.23
MIL202404030,MIL,MIN,MIL06,0.0,0.0
MIL202404050,MIL,SEA,MIL06,0.0,2788.23
MIL202404060,MIL,SEA,MIL06,0.0,0.0
MIL202404070,MIL,SEA,MIL06,0.0,0.0
MIL202404150,MIL,SDN,MIL06,0.0,2788.23
MIL202404160,MIL,SDN,MIL06,0.0,0.0
MIL202404170,MIL,SDN,MIL06,0.0,0.0
MIL202404260,MIL,NYA,MIL06,0.0,2788.23
MIL202404270,MIL,NYA,MIL06,0.0,0.0
MIL202404280,MIL,NYA,MIL06,0.0,0.0
MIL202404290,MIL,TBA,MIL06,0.0,2788.23
MIL202404300,MIL,TBA,MIL06,0.0,0.0
MIL202405010,MIL,TBA,MIL06,0.0,0.0
MIL202405090,MIL,SLN,MIL06,0.0,2788.23
MIL202405100,MIL,SLN,MIL06,0.0,0.0
MIL202405110,MIL,SLN,MIL06,0.0,0.0
MIL202405120,MIL,SLN,MIL06,0.0,0.0
MIL202405130,MIL,PIT,MIL06,0.0,1077.26
MIL202405140,MIL,PIT,MIL06,0.0,0.0
MIL202405150,MIL,PIT,MIL06,0.0,0.0
MIL202405270,MIL,CHN,MIL06,0.0,1077.26
MIL202405280,MIL,CHN,MIL06,0.0,0.0
MIL202405290,MIL,CHN,MIL06,0.0,0.0
MIL202405300,MIL,CHN,MIL06,0.0,0.0
MIL202405310,MIL,CHA,MIL06,0.0,2788.23
MIL202406010,MIL,CHA,MIL06,0.0,0.0
MIL202406020,MIL,CHA,MIL06,0.0,0.0
MIL202406100,MIL,TOR,MIL06,0.0,2788.23
MIL202406110,MIL,TOR,MIL06,0.0,0.0
MIL202406120,MIL,TOR,MIL06,0.0,0.0
MIL202406140,MIL,CIN,MIL06,0.0,1077.26
MIL202406150,MIL,CIN,MIL06,0.0,0.0
MIL202406160,MIL,CIN,MIL06,0.0,0.0
MIL202406240,MIL,TEX,MIL06,0.0,2788.23
MIL202406250,MIL,TEX,MIL06,0.0,0.0
MIL202406260,MIL,TEX,MIL06,0.0,0.0
MIL202406280,MIL,CHN,MIL06,0.0,0.0
MIL202406290,MIL,CHN,MIL06,0.0,0.0
MIL202406300,MIL,CHN,MIL06,0.0,0.0
MIL202407090,MIL,PIT,MIL06,0.0,0.0
MIL202407100,MIL,PIT,MIL06,0.0,0.0
MIL202407110,MIL,PIT,MIL06,0.0,0.0
MIL202407120,MIL,WAS,MIL06,0.0,1077.26
MIL202407130,MIL,WAS,MIL06,0.0,0.0
MIL202407140,MIL,WAS,MIL06,0.0,0.0
MIL202407260,MIL,MIA,MIL06,0.0,1077.26
MIL202407270,MIL,MIA,MIL06,0.0,0.0
MIL202407280,MIL,MIA,MIL06,0.0,0.0
MIL202407290,MIL,ATL,MIL06,0.0,2788.23
MIL202407300,MIL,ATL,MIL06,0.0,0.0
MIL202407310,MIL,ATL,MIL06,0.0,0.0
MIL202408090,MIL,CIN,MIL06,0.0,0.0
MIL202408100,MIL,CIN,MIL06,0.0,0.0
MIL202408110,MIL,CIN,MIL06,0.0,0.0
MIL202408120,MIL,LAN,MIL06,0.0,2788.23
MIL202408130,MIL,LAN,MIL06,0.0,0.0
MIL202408140,MIL,LAN,MIL06,0.0,0.0
MIL202408150,MIL,LAN,MIL06,0.0,0.0
MIL202408160,MIL,CLE,MIL06,0.0,2788.23
MIL202408170,MIL,CLE,MIL06,0.0,0.0
MIL202408180,MIL,CLE,MIL06,0.0,0.0
MIL202408270,MIL,SFN,MIL06,0.0,1077.26
MIL202408280,MIL,SFN,MIL06,0.0,0.0
MIL202408290,MIL,SFN,MIL06,0.0,0.0
MIL202409020,MIL,SLN,MIL06,0.0,0.0
MIL202409030,MIL,SLN,MIL06,0.0,0.0
MIL202409040,MIL,SLN,MIL06,0.0,0.0
MIL202409060,MIL,COL,MIL06,0.0,2788.23
MIL202409070,MIL,COL,MIL06,0.0,0.0
MIL202409080,MIL,COL,MIL06,0.0,0.0
MIL202409160,MIL,PHI,MIL06,0.0,2788.23
MIL202409170,MIL,PHI,MIL06,0.0,0.0
MIL202409180,MIL,PHI,MIL06,0.0,0.0
MIL202409190,MIL,ARI,MIL06,0.0,1077.26
MIL202409200,MIL,ARI,MIL06,0.0,0.0
MIL202409210,MIL,ARI,MIL06,0.0,0.0
MIL202409220,MIL,ARI,MIL06,0.0,0.0
MIL202409270,MIL,NYN,MIL06,0.0,2788.23
MIL202409280,MIL,NYN,MIL06,0.0,0.0
MIL202409290,MIL,NYN,MIL06,0.0,0.0
MIN202404040,MIN,CLE,MIN04,479.59,479.59
MIN202404060,MIN,CLE,MIN04,0.0,0.0
MIN202404080,MIN,LAN,MIN04,0.0,479.59
MIN202404090,MIN,LAN,MIN04,0.0,0.0
MIN202404100,MIN,LAN,MIN04,0.0,0.0
MIN202404190,MIN,DET,MIN04,0.0,2438.98
MIN202404200,MIN,DET,MIN04,0.0,0.0
MIN202404210,MIN,DET,MIN04,0.0,0.0
MIN202404220,MIN,CHA,MIN04,0.0,479.59
MIN202404230,MIN,CHA,MIN04,0.0,0.0
MIN202404240,MIN,CHA,MIN04,0.0,0.0
MIN202404250,MIN,CHA,MIN04,0.0,0.0
MIN202405030,MIN,BOS,MIN04,0.0,2438.98
MIN202405040,MIN,BOS,MIN04,0.0,0.0
MIN202405050,MIN,BOS,MIN04,0.0,0.0
MIN202405060,MIN,SEA,MIN04,0.0,479.59
MIN202405070,MIN,SEA,MIN04,0.0,0.0
MIN202405080,MIN,SEA,MIN04,0.0,0.0
MIN202405090,MIN,SEA,MIN04,0.0,0.0
MIN202405140,MIN,NYA,MIN04,0.0,479.59
MIN202405150,MIN,NYA,MIN04,0.0,0.0
MIN202405160,MIN,NYA,MIN04,0.0,0.0
MIN202405240,MIN,TEX,MIN04,0.0,479.59
MIN202405250,MIN,TEX,MIN04,0.0,0.0
MIN202405260,MIN,TEX,MIN04,0.0,0.0
MIN202405270,MIN,KCA,MIN04,0.0,2438.98
MIN202405280,MIN,KCA,MIN04,0.0,0.0
MIN202405290,MIN,KCA,MIN04,0.0,0.0
MIN202405300,MIN,KCA,MIN04,0.0,0.0
MIN202406100,MIN,COL,MIN04,0.0,479.59
MIN202406110,MIN,COL,MIN04,0.0,0.0
MIN202406120,MIN,COL,MIN04,0.0,0.0
MIN202406130,MIN,OAK,MIN04,0.0,2438.98
MIN202406140,MIN,OAK,MIN04,0.0,0.0
MIN202406161,MIN,OAK,MIN04,0.0,0.0
MIN202406162,MIN,OAK,MIN04,0.0,0.0
MIN202406180,MIN,TBA,MIN04,0.0,479.59
MIN202406190,MIN,TBA,MIN04,0.0,0.0
MIN202406200,MIN,TBA,MIN04,0.0,0.0
MIN202407020,MIN,DET,MIN04,0.0,0.0
MIN202407030,MIN,DET,MIN04,0.0,0.0
MIN202407040,MIN,DET,MIN04,0.0,0.0
MIN202407050,MIN,HOU,MIN04,0.0,2438.98
MIN202407060,MIN,HOU,MIN04,0.0,0.0
MIN202407070,MIN,HOU,MIN04,0.0,0.0
MIN202407200,MIN,MIL,MIN04,0.0,479.59
MIN202407210,MIN,MIL,MIN04,0.0,0.0
MIN202407220,MIN,PHI,MIN04,0.0,479.59
MIN202407230,MIN,PHI,MIN04,0.0,0.0
MIN202407240,MIN,PHI,MIN04,0.0,0.0
MIN202408020,MIN,CHA,MIN04,0.0,0.0
MIN202408030,MIN,CHA,MIN04,0.0,0.0
MIN202408040,MIN,CHA,MIN04,0.0,0.0
MIN202408091,MIN,CLE,MIN04,0.0,0.0
MIN202408092,MIN,CLE,MIN04,0.0,0.0
MIN202408100,MIN,CLE,MIN04,0.0,0.0
MIN202408110,MIN,CLE,MIN04,0.0,0.0
MIN202408120,MIN,KCA,MIN04,0.0,0.0
MIN202408130,MIN,KCA,MIN04,0.0,0.0
MIN202408140,MIN,KCA,MIN04,0.0,0.0
MIN202408230,MIN,SLN,MIN04,0.0,479.59
MIN202408240,MIN,SLN,MIN04,0.0,0.0
MIN202408250,MIN,SLN,MIN04,0.0,0.0
MIN202408260,MIN,ATL,MIN04,0.0,479.59
MIN202408270,MIN,ATL,MIN04,0.0,0.0
MIN202408280,MIN,ATL,MIN04,0.0,0.0
MIN202408300,MIN,TOR,MIN04,0.0,479.59
MIN202408310,MIN,TOR,MIN04,0.0,0.0
MIN202409010,MIN,TOR,MIN04,0.0,0.0
MIN202409090,MIN,ANA,MIN04,0.0,2438.98
MIN202409100,MIN,ANA,MIN04,0.0,0.0
MIN202409110,MIN,ANA,MIN04,0.0,0.0
MIN202409130,MIN,CIN,MIN04,0.0,479.59
MIN202409140,MIN,CIN,MIN04,0.0,0.0
MIN202409150,MIN,CIN,MIN04,0.0,0.0
MIN202409240,MIN,MIA,MIN04,0.0,479.59
MIN202409250,MIN,MIA,MIN04,0.0,0.0
MIN202409260,MIN,MIA,MIN04,0.0,0.0
MIN202409270,MIN,BAL,MIN04,0.0,2438.98
MIN202409280,MIN,BAL,MIN04,0.0,0.0
MIN202409290,MIN,BAL,MIN04,0.0,0.0
TEX202403280,TEX,CHN,ARL03,1403.4,1409.1
TEX202403300,TEX,CHN,ARL03,0.0,0.0
TEX202403310,TEX,CHN,ARL03,0.0,0.0
TEX202404050,TEX,HOU,ARL03,0.0,1403.4
TEX202404060,TEX,HOU,ARL03,0.0,0.0
TEX202404070,TEX,HOU,ARL03,0.0,0.0
TEX202404080,TEX,HOU,ARL03,0.0,0.0
TEX202404090,TEX,OAK,ARL03,0.0,1403.4
TEX202404100,TEX,OAK,ARL03,0.0,0.0
TEX202404110,TEX,OAK,ARL03,0.0,0.0
TEX202404230,TEX,SEA,ARL03,0.0,1403.4
TEX202404240,TEX,SEA,ARL03,0.0,0.0
TEX202404250,TEX,SEA,ARL03,0.0,0.0
TEX202404260,TEX,CIN,ARL03,0.0,1403.4
TEX202404270,TEX,CIN,ARL03,0.0,0.0
TEX202404280,TEX,CIN,ARL03,0.0,0.0
TEX202404300,TEX,WAS,ARL03,0.0,1409.1
TEX202405010,TEX,WAS,ARL03,0.0,0.0
TEX202405020,TEX,WAS,ARL03,0.0,0.0
TEX202405130,TEX,CLE,ARL03,0.0,1403.4
TEX202405140,TEX,CLE,ARL03,0.0,0.0
TEX202405150,TEX,CLE,ARL03,0.0,0.0
TEX202405170,TEX,ANA,ARL03,0.0,1403.4
TEX202405180,TEX,ANA,ARL03,0.0,0.0
TEX202405190,TEX,ANA,ARL03,0.0,0.0
TEX202405280,TEX,ARI,ARL03,0.0,1409.1
TEX202405290,TEX,ARI,ARL03,0.0,0.0
TEX202406030,TEX,DET,ARL03,0.0,1403.4
TEX202406040,TEX,DET,ARL03,0.0,0.0
TEX202406050,TEX,DET,ARL03,0.0,0.0
TEX202406070,TEX,SFN,ARL03,0.0,1409.1
TEX202406080,TEX,SFN,ARL03,0.0,0.0
TEX202406090,TEX,SFN,ARL03,0.0,0.0
TEX202406170,TEX,NYN,ARL03,0.0,1409.1
TEX202406180,TEX,NYN,ARL03,0.0,0.0
TEX202406190,TEX,NYN,ARL03,0.0,0.0
TEX202406210,TEX,KCA,ARL03,0.0,1403.4
TEX202406220,TEX,KCA,ARL03,0.0,0.0
TEX202406230,TEX,KCA,ARL03,0.0,0.0
TEX202407020,TEX,SDN,ARL03,0.0,1409.1
TEX202407030,TEX,SDN,ARL03,0.0,0.0
TEX202407040,TEX,SDN,ARL03,0.0,0.0
TEX202407050,TEX,TBA,ARL03,0.0,1403.4
TEX202407060,TEX,TBA,ARL03,0.0,0.0
TEX202407070,TEX,TBA,ARL03,0.0,0.0
TEX202407190,TEX,BAL,ARL03,0.0,1403.4
TEX202407200,TEX,BAL,ARL03,0.0,0.0
TEX202407210,TEX,BAL,ARL03,0.0,0.0
TEX202407220,TEX,CHA,ARL03,0.0,1403.4
TEX202407230,TEX,CHA,ARL03,0.0,0.0
TEX202407240,TEX,CHA,ARL03,0.0,0.0
TEX202407250,TEX,CHA,ARL03,0.0,0.0
TEX202408020,TEX,BOS,ARL03,0.0,1403.4
TEX202408030,TEX,BOS,ARL03,0.0,0.0
TEX202408040,TEX,BOS,ARL03,0.0,0.0
TEX202408050,TEX,HOU,ARL03,0.0,0.0
TEX202408060,TEX,HOU,ARL03,0.0,0.0
TEX202408070,TEX,HOU,ARL03,0.0,0.0
TEX202408150,TEX,MIN,ARL03,0.0,1403.4
TEX202408160,TEX,MIN,ARL03,0.0,0.0
TEX202408170,TEX,MIN,ARL03,0.0,0.0
TEX202408180,TEX,MIN,ARL03,0.0,0.0
TEX202408190,TEX,PIT,ARL03,0.0,1409.1
TEX202408200,TEX,PIT,ARL03,0.0,0.0
TEX202408210,TEX,PIT,ARL03,0.0,0.0
TEX202408300,TEX,OAK,ARL03,0.0,0.0
TEX202408310,TEX,OAK,ARL03,0.0,0.0
TEX202409010,TEX,OAK,ARL03,0.0,0.0
TEX202409020,TEX,NYA,ARL03,0.0,1403.4
TEX202409030,TEX,NYA,ARL03,0.0,0.0
TEX202409040,TEX,NYA,ARL03,0.0,0.0
TEX202409050,TEX,ANA,ARL03,0.0,0.0
TEX202409060,TEX,ANA,ARL03,0.0,0.0
TEX202409070,TEX,ANA,ARL03,0.0,0.0
TEX202409080,TEX,ANA,ARL03,0.0,0.0
TEX202409170,TEX,TOR,ARL03,0.0,1403.4
TEX202409180,TEX,TOR,ARL03,0.0,0.0
TEX202409190,TEX,TOR,ARL03,0.0,0.0
TEX202409200,TEX,SEA,ARL03,0.0,0.0
TEX202409210,TEX,SEA,ARL03,0.0,0.0
TEX202409220,TEX,SEA,ARL03,0.0,0.0
NYA202404050,NYA,TOR,NYC21,2250.15,2250.15
NYA202404060,NYA,TOR,NYC21,0.0,0.0
NYA202404070,NYA,TOR,NYC21,0.0,0.0
NYA202404080,NYA,MIA,NYC21,0.0,1635.66
NYA202404090,NYA,MIA,NYC21,0.0,0.0
NYA202404100,NYA,MIA,NYC21,0.0,0.0
NYA202404190,NYA,TBA,NYC21,0.0,2250.15
NYA202404200,NYA,TBA,NYC21,0.0,0.0
NYA202404210,NYA,TBA,NYC21,0.0,0.0
NYA202404220,NYA,OAK,NYC21,0.0,2250.15
NYA202404230,NYA,OAK,NYC21,0.0,0.0
NYA202404240,NYA,OAK,NYC21,0.0,0.0
NYA202404250,NYA,OAK,NYC21,0.0,0.0
NYA202405030,NYA,DET,NYC21,0.0,2250.15
NYA202405040,NYA,DET,NYC21,0.0,0.0
NYA202405050,NYA,DET,NYC21,0.0,0.0
NYA202405070,NYA,HOU,NYC21,0.0,2250.15
NYA202405080,NYA,HOU,NYC21,0.0,0.0
NYA202405090,NYA,HOU,NYC21,0.0,0.0
NYA202405170,NYA,CHA,NYC21,0.0,2250.15
NYA202405180,NYA,CHA,NYC21,0.0,0.0
NYA202405190,NYA,CHA,NYC21,0.0,0.0
NYA202405200,NYA,SEA,NYC21,0.0,2250.15
NYA202405210,NYA,SEA,NYC21,0.0,0.0
NYA202405220,NYA,SEA,NYC21,0.0,0.0
NYA202405230,NYA,SEA,NYC21,0.0,0.0
NYA202406040,NYA,MIN,NYC21,0.0,2250.15
NYA202406050,NYA,MIN,NYC21,0.0,0.0
NYA202406060,NYA,MIN,NYC21,0.0,0.0
NYA202406070,NYA,LAN,NYC21,0.0,1635.66
NYA202406080,NYA,LAN,NYC21,0.0,0.0
NYA202406090,NYA,LAN,NYC21,0.0,0.0
NYA202406180,NYA,BAL,NYC21,0.0,2250.15
NYA202406190,NYA,BAL,NYC21,0.0,0.0
NYA202406200,NYA,BAL,NYC21,0.0,0.0
NYA202406210,NYA,ATL,NYC21,0.0,1635.66
NYA202406220,NYA,ATL,NYC21,0.0,0.0
NYA202406230,NYA,ATL,NYC21,0.0,0.0
NYA202407020,NYA,CIN,NYC21,0.0,2250.15
NYA202407030,NYA,CIN,NYC21,0.0,0.0
NYA202407040,NYA,CIN,NYC21,0.0,0.0
NYA202407050,NYA,BOS,NYC21,0.0,2250.15
NYA202407060,NYA,BOS,NYC21,0.0,0.0
NYA202407070,NYA,BOS,NYC21,0.0,0.0
NYA202407190,NYA,TBA,NYC21,0.0,0.0
NYA202407200,NYA,TBA,NYC21,0.0,0.0
NYA202407210,NYA,TBA,NYC21,0.0,0.0
NYA202407220,NYA,TBA,NYC21,0.0,0.0
NYA202407230,NYA,NYN,NYC21,0.0,2250.15
NYA202407240,NYA,NYN,NYC21,0.0,0.0
NYA202408020,NYA,TOR,NYC21,0.0,0.0
NYA202408030,NYA,TOR,NYC21,0.0,0.0
NYA202408040,NYA,TOR,NYC21,0.0,0.0
NYA202408071,NYA,ANA,NYC21,0.0,2250.15
NYA202408072,NYA,ANA,NYC21,0.0,0.0
NYA202408080,NYA,ANA,NYC21,0.0,0.0
NYA202408101,NYA,TEX,NYC21,0.0,2250.15
NYA202408102,NYA,TEX,NYC21,0.0,0.0
NYA202408110,NYA,TEX,NYC21,0.0,0.0
NYA202408200,NYA,CLE,NYC21,0.0,2250.15
NYA202408210,NYA,CLE,NYC21,0.0,0.0
NYA202408220,NYA,CLE,NYC21,0.0,0.0
NYA202408230,NYA,COL,NYC21,0.0,1635.66
NYA202408240,NYA,COL,NYC21,0.0,0.0
NYA202408250,NYA,COL,NYC21,0.0,0.0
NYA202408300,NYA,SLN,NYC21,0.0,1635.66
NYA202408310,NYA,SLN,NYC21,0.0,0.0
NYA202409010,NYA,SLN,NYC21,0.0,0.0
NYA202409090,NYA,KCA,NYC21,0.0,2250.15
NYA202409100,NYA,KCA,NYC21,0.0,0.0
NYA202409110,NYA,KCA,NYC21,0.0,0.0
NYA202409120,NYA,BOS,NYC21,0.0,0.0
NYA202409130,NYA,BOS,NYC21,0.0,0.0
NYA202409140,NYA,BOS,NYC21,0.0,0.0
NYA202409150,NYA,BOS,NYC21,0.0,0.0
NYA202409240,NYA,BAL,NYC21,0.0,0.0
NYA202409250,NYA,BAL,NYC21,0.0,0.0
NYA202409260,NYA,BAL,NYC21,0.0,0.0
NYA202409270,NYA,PIT,NYC21,0.0,2250.15
NYA202409280,NYA,PIT,NYC21,0.0,0.0
NYA202409290,NYA,PIT,NYC21,0.0,0.0
WAS202404010,WAS,PIT,WAS11,1947.99,327.58
WAS202404030,WAS,PIT,WAS11,0.0,0.0
WAS202404040,WAS,PIT,WAS11,0.0,0.0
WAS202404050,WAS,PHI,WAS11,0.0,1498.66
WAS202404060,WAS,PHI,WAS11,0.0,0.0
WAS202404070,WAS,PHI,WAS11,0.0,0.0
WAS202404190,WAS,HOU,WAS11,0.0,327.58
WAS202404200,WAS,HOU,WAS11,0.0,0.0
WAS202404210,WAS,HOU,WAS11,0.0,0.0
WAS202404230,WAS,LAN,WAS11,0.0,327.58
WAS202404240,WAS,LAN,WAS11,0.0,0.0
WAS202404250,WAS,LAN,WAS11,0.0,0.0
WAS202405030,WAS,TOR,WAS11,0.0,327.58
WAS202405040,WAS,TOR,WAS11,0.0,0.0
WAS202405050,WAS,TOR,WAS11,0.0,0.0
WAS202405070,WAS,BAL,WAS11,0.0,327.58
WAS202405080,WAS,BAL,WAS11,0.0,0.0
WAS202405200,WAS,MIN,WAS11,0.0,327.58
WAS202405210,WAS,MIN,WAS11,0.0,0.0
WAS202405220,WAS,MIN,WAS11,0.0,0.0
WAS202405240,WAS,SEA,WAS11,0.0,327.58
WAS202405250,WAS,SEA,WAS11,0.0,0.0
WAS202405260,WAS,SEA,WAS11,0.0,0.0
WAS202406030,WAS,NYN,WAS11,0.0,327.58
WAS202406040,WAS,NYN,WAS11,0.0,0.0
WAS202406050,WAS,NYN,WAS11,0.0,0.0
WAS202406060,WAS,ATL,WAS11,0.0,327.58
WAS202406070,WAS,ATL,WAS11,0.0,0.0
WAS202406080,WAS,ATL,WAS11,0.0,0.0
WAS202406090,WAS,ATL,WAS11,0.0,0.0
WAS202406140,WAS,MIA,WAS11,0.0,327.58
WAS202406150,WAS,MIA,WAS11,0.0,0.0
WAS202406160,WAS,MIA,WAS11,0.0,0.0
WAS202406180,WAS,ARI,WAS11,0.0,1947.99
WAS202406190,WAS,ARI,WAS11,0.0,0.0
WAS202406200,WAS,ARI,WAS11,0.0,0.0
WAS202407010,WAS,NYN,WAS11,0.0,0.0
WAS202407020,WAS,NYN,WAS11,0.0,0.0
WAS202407030,WAS,NYN,WAS11,0.0,0.0
WAS202407040,WAS,NYN,WAS11,0.0,0.0
WAS202407050,WAS,SLN,WAS11,0.0,327.58
WAS202407060,WAS,SLN,WAS11,0.0,0.0
WAS202407070,WAS,SLN,WAS11,0.0,0.0
WAS202407080,WAS,SLN,WAS11,0.0,0.0
WAS202407190,WAS,CIN,WAS11,0.0,327.58
WAS202407200,WAS,CIN,WAS11,0.0,0.0
WAS202407210,WAS,CIN,WAS11,0.0,0.0
WAS202407230,WAS,SDN,WAS11,0.0,1947.99
WAS202407240,WAS,SDN,WAS11,0.0,0.0
WAS202407250,WAS,SDN,WAS11,0.0,0.0
WAS202408020,WAS,MIL,WAS11,0.0,1498.66
WAS202408030,WAS,MIL,WAS11,0.0,0.0
WAS202408040,WAS,MIL,WAS11,0.0,0.0
WAS202408050,WAS,SFN,WAS11,0.0,1947.99
WAS202408060,WAS,SFN,WAS11,0.0,0.0
WAS202408070,WAS,SFN,WAS11,0.0,0.0
WAS202408080,WAS,SFN,WAS11,0.0,0.0
WAS202408090,WAS,ANA,WAS11,0.0,327.58
WAS202408100,WAS,ANA,WAS11,0.0,0.0
WAS202408110,WAS,ANA,WAS11,0.0,0.0
WAS202408200,WAS,COL,WAS11,0.0,327.58
WAS202408210,WAS,COL,WAS11,0.0,0.0
WAS202408220,WAS,COL,WAS11,0.0,0.0
WAS202408260,WAS,NYA,WAS11,0.0,327.58
WAS202408270,WAS,NYA,WAS11,0.0,0.0
WAS202408280,WAS,NYA,WAS11,0.0,0.0
WAS202408300,WAS,CHN,WAS11,0.0,1947.99
WAS202408310,WAS,CHN,WAS11,0.0,0.0
WAS202409010,WAS,CHN,WAS11,0.0,0.0
WAS202409100,WAS,ATL,WAS11,0.0,0.0
WAS202409110,WAS,ATL,WAS11,0.0,0.0
WAS202409120,WAS,MIA,WAS11,0.0,0.0
WAS202409130,WAS,MIA,WAS11,0.0,0.0
WAS202409140,WAS,MIA,WAS11,0.0,0.0
WAS202409150,WAS,MIA,WAS11,0.0,0.0
WAS202409240,WAS,KCA,WAS11,0.0,327.58
WAS202409250,WAS,KCA,WAS11,0.0,0.0
WAS202409260,WAS,KCA,WAS11,0.0,0.0
WAS202409270,WAS,PHI,WAS11,0.0,0.0
WAS202409280,WAS,PHI,WAS11,0.0,0.0
WAS202409290,WAS,PHI,WAS11,0.0,0.0
ARI202403280,ARI,COL,PHO01,3182.59,3182.59
ARI202403290,ARI,COL,PHO01,0.0,0.0
ARI202403300,ARI,COL,PHO01,0.0,0.0
ARI202403310,ARI,COL,PHO01,0.0,0.0
ARI202404010,ARI,NYA,PHO01,0.0,3182.59
ARI202404020,ARI,NYA,PHO01,0.0,0.0
ARI202404030,ARI,NYA,PHO01,0.0,0.0
ARI202404120,ARI,SLN,PHO01,0.0,3182.59
ARI202404130,ARI,SLN,PHO01,0.0,0.0
ARI202404140,ARI,SLN,PHO01,0.0,0.0
ARI202404150,ARI,CHN,PHO01,0.0,3182.59
ARI202404160,ARI,CHN,PHO01,0.0,0.0
ARI202404170,ARI,CHN,PHO01,0.0,0.0
ARI202404290,ARI,LAN,PHO01,0.0,3182.59
ARI202404300,ARI,LAN,PHO01,0.0,0.0
ARI202405010,ARI,LAN,PHO01,0.0,0.0
ARI202405030,ARI,SDN,PHO01,0.0,3182.59
ARI202405040,ARI,SDN,PHO01,0.0,0.0
ARI202405050,ARI,SDN,PHO01,0.0,0.0
ARI202405130,ARI,CIN,PHO01,0.0,3182.59
ARI202405140,ARI,CIN,PHO01,0.0,0.0
ARI202405150,ARI,CIN,PHO01,0.0,0.0
ARI202405170,ARI,DET,PHO01,0.0,3443.7
ARI202405180,ARI,DET,PHO01,0.0,0.0
ARI202405190,ARI,DET,PHO01,0.0,0.0
ARI202405240,ARI,MIA,PHO01,0.0,3182.59
ARI202405250,ARI,MIA,PHO01,0.0,0.0
ARI202405260,ARI,MIA,PHO01,0.0,0.0
ARI202406030,ARI,SFN,PHO01,0.0,3182.59
ARI202406040,ARI,SFN,PHO01,0.0,0.0
ARI202406050,ARI,SFN,PHO01,0.0,0.0
ARI202406110,ARI,ANA,PHO01,0.0,3182.59
ARI202406120,ARI,ANA,PHO01,0.0,0.0
ARI202406130,ARI,ANA,PHO01,0.0,0.0
ARI202406140,ARI,CHA,PHO01,0.0,3443.7
ARI202406150,ARI,CHA,PHO01,0.0,0.0
ARI202406160,ARI,CHA,PHO01,0.0,0.0
ARI202406250,ARI,MIN,PHO01,0.0,3182.59
ARI202406260,ARI,MIN,PHO01,0.0,0.0
ARI202406270,ARI,MIN,PHO01,0.0,0.0
ARI202406280,ARI,OAK,PHO01,0.0,3443.7
ARI202406290,ARI,OAK,PHO01,0.0,0.0
ARI202406300,ARI,OAK,PHO01,0.0,0.0
ARI202407080,ARI,ATL,PHO01,0.0,3182.59
ARI202407090,ARI,ATL,PHO01,0.0,0.0
ARI202407100,ARI,ATL,PHO01,0.0,0.0
ARI202407110,ARI,ATL,PHO01,0.0,0.0
ARI202407120,ARI,TOR,PHO01,0.0,3182.59
ARI202407130,ARI,TOR,PHO01,0.0,0.0
ARI202407140,ARI,TOR,PHO01,0.0,0.0
ARI202407260,ARI,PIT,PHO01,0.0,3182.59
ARI202407270,ARI,PIT,PHO01,0.0,0.0
ARI202407280,ARI,PIT,PHO01,0.0,0.0
ARI202407290,ARI,WAS,PHO01,0.0,3182.59
ARI202407300,ARI,WAS,PHO01,0.0,0.0
ARI202407310,ARI,WAS,PHO01,0.0,0.0
ARI202408080,ARI,PHI,PHO01,0.0,3182.59
ARI202408090,ARI,PHI,PHO01,0.0,0.0
ARI202408100,ARI,PHI,PHO01,0.0,0.0
ARI202408110,ARI,PHI,PHO01,0.0,0.0
ARI202408120,ARI,COL,PHO01,0.0,0.0
ARI202408130,ARI,COL,PHO01,0.0,0.0
ARI202408140,ARI,COL,PHO01,0.0,0.0
ARI202408270,ARI,NYN,PHO01,0.0,3182.59
ARI202408280,ARI,NYN,PHO01,0.0,0.0
ARI202408290,ARI,NYN,PHO01,0.0,0.0
ARI202408300,ARI,LAN,PHO01,0.0,0.0
ARI202408310,ARI,LAN,PHO01,0.0,0.0
ARI202409010,ARI,LAN,PHO01,0.0,0.0
ARI202409020,ARI,LAN,PHO01,0.0,0.0
ARI202409100,ARI,TEX,PHO01,0.0,3443.7
ARI202409110,ARI,TEX,PHO01,0.0,0.0
ARI202409130,ARI,MIL,PHO01,0.0,3182.59
ARI202409140,ARI,MIL,PHO01,0.0,0.0
ARI202409150,ARI,MIL,PHO01,0.0,0.0
ARI202409230,ARI,SFN,PHO01,0.0,0.0
ARI202409240,ARI,SFN,PHO01,0.0,0.0
ARI202409250,ARI,SFN,PHO01,0.0,0.0
ARI202409270,ARI,SDN,PHO01,0.0,0.0
ARI202409280,ARI,SDN,PHO01,0.0,0.0
ARI202409290,ARI,SDN,PHO01,0.0,0.0
BAL202403280,BAL,ANA,BAL12,56.2,3219.41
BAL202403300,BAL,ANA,BAL12,0.0,0.0
BAL202403310,BAL,ANA,BAL12,0.0,0.0
BAL202404010,BAL,KCA,BAL12,0.0,56.2
BAL202404020,BAL,KCA,BAL12,0.0,0.0
BAL202404030,BAL,KCA,BAL12,0.0,0.0
BAL202404120,BAL,MIL,BAL12,0.0,3219.41
BAL202404130,BAL,MIL,BAL12,0.0,0.0
BAL202404140,BAL,MIL,BAL12,0.0,0.0
BAL202404150,BAL,MIN,BAL12,0.0,3219.41
BAL202404160,BAL,MIN,BAL12,0.0,0.0
BAL202404170,BAL,MIN,BAL12,0.0,0.0
BAL202404260,BAL,OAK,BAL12,0.0,3219.41
BAL202404270,BAL,OAK,BAL12,0.0,0.0
BAL202404280,BAL,OAK,BAL12,0.0,0.0
BAL202404290,BAL,NYA,BAL12,0.0,3219.41
BAL202404300,BAL,NYA,BAL12,0.0,0.0
BAL202405010,BAL,NYA,BAL12,0.0,0.0
BAL202405020,BAL,NYA,BAL12,0.0,0.0
BAL202405100,BAL,ARI,BAL12,0.0,3219.41
BAL202405110,BAL,ARI,BAL12,0.0,0.0
BAL202405120,BAL,ARI,BAL12,0.0,0.0
BAL202405130,BAL,TOR,BAL12,0.0,3219.41
BAL202405150,BAL,TOR,BAL12,0.0,0.0
BAL202405170,BAL,SEA,BAL12,0.0,56.2
BAL202405180,BAL,SEA,BAL12,0.0,0.0
BAL202405190,BAL,SEA,BAL12,0.0,0.0
BAL202405270,BAL,BOS,BAL12,0.0,272.55
BAL202405280,BAL,BOS,BAL12,0.0,0.0
BAL202405290,BAL,BOS,BAL12,0.0,0.0
BAL202405310,BAL,TBA,BAL12,0.0,272.55
BAL202406010,BAL,TBA,BAL12,0.0,0.0
BAL202406020,BAL,TBA,BAL12,0.0,0.0
BAL202406110,BAL,ATL,BAL12,0.0,3219.41
BAL202406120,BAL,ATL,BAL12,0.0,0.0
BAL202406130,BAL,ATL,BAL12,0.0,0.0
BAL202406140,BAL,PHI,BAL12,0.0,3219.41
BAL202406150,BAL,PHI,BAL12,0.0,0.0
BAL202406160,BAL,PHI,BAL12,0.0,0.0
BAL202406240,BAL,CLE,BAL12,0.0,272.55
BAL202406250,BAL,CLE,BAL12,0.0,0.0
BAL202406260,BAL,CLE,BAL12,0.0,0.0
BAL202406270,BAL,TEX,BAL12,0.0,3219.41
BAL202406280,BAL,TEX,BAL12,0.0,0.0
BAL202406290,BAL,TEX,BAL12,0.0,0.0
BAL202406300,BAL,TEX,BAL12,0.0,0.0
BAL202407090,BAL,CHN,BAL12,0.0,3219.41
BAL202407100,BAL,CHN,BAL12,0.0,0.0
BAL202407110,BAL,CHN,BAL12,0.0,0.0
BAL202407120,BAL,NYA,BAL12,0.0,0.0
BAL202407130,BAL,NYA,BAL12,0.0,0.0
BAL202407140,BAL,NYA,BAL12,0.0,0.0
BAL202407260,BAL,SDN,BAL12,0.0,3219.41
BAL202407270,BAL,SDN,BAL12,0.0,0.0
BAL202407280,BAL,SDN,BAL12,0.0,0.0
BAL202407291,BAL,TOR,BAL12,0.0,0.0
BAL202407292,BAL,TOR,BAL12,0.0,0.0
BAL202407300,BAL,TOR,BAL12,0.0,0.0
BAL202407310,BAL,TOR,BAL12,0.0,0.0
BAL202408130,BAL,WAS,BAL12,0.0,3219.41
BAL202408140,BAL,WAS,BAL12,0.0,0.0
BAL202408150,BAL,BOS,BAL12,0.0,0.0
BAL202408160,BAL,BOS,BAL12,0.0,0.0
BAL202408170,BAL,BOS,BAL12,0.0,0.0
BAL202408180,BAL,BOS,BAL12,0.0,0.0
BAL202408220,BAL,HOU,BAL12,0.0,56.2
BAL202408230,BAL,HOU,BAL12,0.0,0.0
BAL202408240,BAL,HOU,BAL12,0.0,0.0
BAL202408250,BAL,HOU,BAL12,0.0,0.0
BAL202409020,BAL,CHA,BAL12,0.0,3219.41
BAL202409030,BAL,CHA,BAL12,0.0,0.0
BAL202409040,BAL,CHA,BAL12,0.0,0.0
BAL202409060,BAL,TBA,BAL12,0.0,0.0
BAL202409070,BAL,TBA,BAL12,0.0,0.0
BAL202409080,BAL,TBA,BAL12,0.0,0.0
BAL202409170,BAL,SFN,BAL12,0.0,3219.41
BAL202409180,BAL,SFN,BAL12,0.0,0.0
BAL202409190,BAL,SFN,BAL12,0.0,0.0
BAL202409200,BAL,DET,BAL12,0.0,3219.41
BAL202409210,BAL,DET,BAL12,0.0,0.0
BAL202409220,BAL,DET,BAL12,0.0,0.0
PHI202403290,PHI,ATL,PHI13,144.16,144.16
PHI202403300,PHI,ATL,PHI13,0.0,0.0
PHI202403310,PHI,ATL,PHI13,0.0,0.0
PHI202404010,PHI,CIN,PHI13,0.0,3344.07
PHI202404020,PHI,CIN,PHI13,0.0,0.0
PHI202404030,PHI,CIN,PHI13,0.0,0.0
PHI202404110,PHI,PIT,PHI13,0.0,3344.07
PHI202404120,PHI,PIT,PHI13,0.0,0.0
PHI202404130,PHI,PIT,PHI13,0.0,0.0
PHI202404140,PHI,PIT,PHI13,0.0,0.0
PHI202404150,PHI,COL,PHI13,0.0,3344.07
PHI202404160,PHI,COL,PHI13,0.0,0.0
PHI202404170,PHI,COL,PHI13,0.0,0.0
PHI202404190,PHI,CHA,PHI13,0.0,144.16
PHI202404200,PHI,CHA,PHI13,0.0,0.0
PHI202404210,PHI,CHA,PHI13,0.0,0.0
PHI202405030,PHI,SFN,PHI13,0.0,144.16
PHI202405040,PHI,SFN,PHI13,0.0,0.0
PHI202405050,PHI,SFN,PHI13,0.0,0.0
PHI202405060,PHI,SFN,PHI13,0.0,0.0
PHI202405070,PHI,TOR,PHI13,0.0,144.16
PHI202405080,PHI,TOR,PHI13,0.0,0.0
PHI202405150,PHI,NYN,PHI13,0.0,3344.07
PHI202405160,PHI,NYN,PHI13,0.0,0.0
PHI202405170,PHI,WAS,PHI13,0.0,144.16
PHI202405180,PHI,WAS,PHI13,0.0,0.0
PHI202405190,PHI,WAS,PHI13,0.0,0.0
PHI202405210,PHI,TEX,PHI13,0.0,144.16
PHI202405220,PHI,TEX,PHI13,0.0,0.0
PHI202405230,PHI,TEX,PHI13,0.0,0.0
PHI202405310,PHI,SLN,PHI13,0.0,3344.07
PHI202406010,PHI,SLN,PHI13,0.0,0.0
PHI202406020,PHI,SLN,PHI13,0.0,0.0
PHI202406030,PHI,MIL,PHI13,0.0,144.16
PHI202406040,PHI,MIL,PHI13,0.0,0.0
PHI202406050,PHI,MIL,PHI13,0.0,0.0
PHI202406090,PHI,NYN,LON01,0.0,0.0
PHI202406170,PHI,SDN,PHI13,0.0,144.16
PHI202406180,PHI,SDN,PHI13,0.0,0.0
PHI202406190,PHI,SDN,PHI13,0.0,0.0
PHI202406210,PHI,ARI,PHI13,0.0,144.16
PHI202406220,PHI,ARI,PHI13,0.0,0.0
PHI202406230,PHI,ARI,PHI13,0.0,0.0
PHI202406270,PHI,MIA,PHI13,0.0,3344.07
PHI202406280,PHI,MIA,PHI13,0.0,0.0
PHI202406290,PHI,MIA,PHI13,0.0,0.0
PHI202406300,PHI,MIA,PHI13,0.0,0.0
PHI202407090,PHI,LAN,PHI13,0.0,3344.07
PHI202407100,PHI,LAN,PHI13,0.0,0.0
PHI202407110,PHI,LAN,PHI13,0.0,0.0
PHI202407120,PHI,OAK,PHI13,0.0,144.16
PHI202407130,PHI,OAK,PHI13,0.0,0.0
PHI202407140,PHI,OAK,PHI13,0.0,0.0
PHI202407260,PHI,CLE,PHI13,0.0,144.16
PHI202407270,PHI,CLE,PHI13,0.0,0.0
PHI202407280,PHI,CLE,PHI13,0.0,0.0
PHI202407290,PHI,NYA,PHI13,0.0,144.16
PHI202407300,PHI,NYA,PHI13,0.0,0.0
PHI202407310,PHI,NYA,PHI13,0.0,0.0
PHI202408130,PHI,MIA,PHI13,0.0,0.0
PHI202408140,PHI,MIA,PHI13,0.0,0.0
PHI202408150,PHI,WAS,PHI13,0.0,0.0
PHI202408160,PHI,WAS,PHI13,0.0,0.0
PHI202408170,PHI,WAS,PHI13,0.0,0.0
PHI202408180,PHI,WAS,PHI13,0.0,0.0
PHI202408260,PHI,HOU,PHI13,0.0,144.16
PHI202408270,PHI,HOU,PHI13,0.0,0.0
PHI202408280,PHI,HOU,PHI13,0.0,0.0
PHI202408290,PHI,ATL,PHI13,0.0,0.0
PHI202408300,PHI,ATL,PHI13,0.0,0.0
PHI202408310,PHI,ATL,PHI13,0.0,0.0
PHI202409010,PHI,ATL,PHI13,0.0,0.0
PHI202409090,PHI,TBA,PHI13,0.0,144.16
PHI202409100,PHI,TBA,PHI13,0.0,0.0
PHI202409110,PHI,TBA,PHI13,0.0,0.0
PHI202409130,PHI,NYN,PHI13,0.0,0.0
PHI202409140,PHI,NYN,PHI13,0.0,0.0
PHI202409150,PHI,NYN,PHI13,0.0,0.0
PHI202409230,PHI,CHN,PHI13,0.0,144.16
PHI202409240,PHI,CHN,PHI13,0.0,0.0
PHI202409250,PHI,CHN,PHI13,0.0,0.0
CHA202403280,CHA,DET,CHI12,1068.0,973.06
CHA202403300,CHA,DET,CHI12,0.0,0.0
CHA202403310,CHA,DET,CHI12,0.0,0.0
CHA202404010,CHA,ATL,CHI12,0.0,1068.0
CHA202404020,CHA,ATL,CHI12,0.0,0.0
CHA202404120,CHA,CIN,CHI12,0.0,1068.0
CHA202404130,CHA,CIN,CHI12,0.0,0.0
CHA202404140,CHA,CIN,CHI12,0.0,0.0
CHA202404150,CHA,KCA,CHI12,0.0,973.06
CHA202404171,CHA,KCA,CHI12,0.0,0.0
CHA202404172,CHA,KCA,CHI12,0.0,0.0
CHA202404260,CHA,TBA,CHI12,0.0,1068.0
CHA202404270,CHA,TBA,CHI12,0.0,0.0
CHA202404280,CHA,TBA,CHI12,0.0,0.0
CHA202404290,CHA,MIN,CHI12,0.0,973.06
CHA202404300,CHA,MIN,CHI12,0.0,0.0
CHA202405010,CHA,MIN,CHI12,0.0,0.0
CHA202405090,CHA,CLE,CHI12,0.0,1068.0
CHA202405100,CHA,CLE,CHI12,0.0,0.0
CHA202405110,CHA,CLE,CHI12,0.0,0.0
CHA202405120,CHA,CLE,CHI12,0.0,0.0
CHA202405141,CHA,WAS,CHI12,0.0,1068.0
CHA202405142,CHA,WAS,CHI12,0.0,0.0
CHA202405150,CHA,WAS,CHI12,0.0,0.0
CHA202405230,CHA,BAL,CHI12,0.0,973.06
CHA202405240,CHA,BAL,CHI12,0.0,0.0
CHA202405250,CHA,BAL,CHI12,0.0,0.0
CHA202405260,CHA,BAL,CHI12,0.0,0.0
CHA202405270,CHA,TOR,CHI12,0.0,1068.0
CHA202405280,CHA,TOR,CHI12,0.0,0.0
CHA202405290,CHA,TOR,CHI12,0.0,0.0
CHA202406060,CHA,BOS,CHI12,0.0,973.06
CHA202406070,CHA,BOS,CHI12,0.0,0.0
CHA202406080,CHA,BOS,CHI12,0.0,0.0
CHA202406090,CHA,BOS,CHI12,0.0,0.0
CHA202406180,CHA,HOU,CHI12,0.0,1068.0
CHA202406190,CHA,HOU,CHI12,0.0,0.0
CHA202406200,CHA,HOU,CHI12,0.0,0.0
CHA202406240,CHA,LAN,CHI12,0.0,1068.0
CHA202406250,CHA,LAN,CHI12,0.0,0.0
CHA202406260,CHA,LAN,CHI12,0.0,0.0
CHA202406270,CHA,ATL,CHI12,0.0,0.0
CHA202406280,CHA,COL,CHI12,0.0,1068.0
CHA202406290,CHA,COL,CHI12,0.0,0.0
CHA202406300,CHA,COL,CHI12,0.0,0.0
CHA202407080,CHA,MIN,CHI12,0.0,0.0
CHA202407101,CHA,MIN,CHI12,0.0,0.0
CHA202407102,CHA,MIN,CHI12,0.0,0.0
CHA202407120,CHA,PIT,CHI12,0.0,1068.0
CHA202407130,CHA,PIT,CHI12,0.0,0.0
CHA202407140,CHA,PIT,CHI12,0.0,0.0
CHA202407260,CHA,SEA,CHI12,0.0,973.06
CHA202407270,CHA,SEA,CHI12,0.0,0.0
CHA202407280,CHA,SEA,CHI12,0.0,0.0
CHA202407290,CHA,KCA,CHI12,0.0,0.0
CHA202407300,CHA,KCA,CHI12,0.0,0.0
CHA202407310,CHA,KCA,CHI12,0.0,0.0
CHA202408090,CHA,CHN,CHI12,0.0,1068.0
CHA202408100,CHA,CHN,CHI12,0.0,0.0
CHA202408120,CHA,NYA,CHI12,0.0,1068.0
CHA202408130,CHA,NYA,CHI12,0.0,0.0
CHA202408140,CHA,NYA,CHI12,0.0,0.0
CHA202408230,CHA,DET,CHI12,0.0,0.0
CHA202408240,CHA,DET,CHI12,0.0,0.0
CHA202408250,CHA,DET,CHI12,0.0,0.0
CHA202408260,CHA,DET,CHI12,0.0,0.0
CHA202408270,CHA,TEX,CHI12,0.0,1068.0
CHA202408280,CHA,TEX,CHI12,0.0,0.0
CHA202408290,CHA,TEX,CHI12,0.0,0.0
CHA202408300,CHA,NYN,CHI12,0.0,1068.0
CHA202408310,CHA,NYN,CHI12,0.0,0.0
CHA202409010,CHA,NYN,CHI12,0.0,0.0
CHA202409090,CHA,CLE,CHI12,0.0,0.0
CHA202409100,CHA,CLE,CHI12,0.0,0.0
CHA202409110,CHA,CLE,CHI12,0.0,0.0
CHA202409130,CHA,OAK,CHI12,0.0,1068.0
CHA202409140,CHA,OAK,CHI12,0.0,0.0
CHA202409150,CHA,OAK,CHI12,0.0,0.0
CHA202409240,CHA,ANA,CHI12,0.0,973.06
CHA202409250,CHA,ANA,CHI12,0.0,0.0
CHA202409260,CHA,ANA,CHI12,0.0,0.0
BOS202404090,BOS,BAL,BOS07,1365.64,1365.64
BOS202404100,BOS,BAL,BOS07,0.0,0.0
BOS202404110,BOS,BAL,BOS07,0.0,0.0
BOS202404120,BOS,ANA,BOS07,0.0,1365.64
BOS202404130,BOS,ANA,BOS07,0.0,0.0
BOS202404140,BOS,ANA,BOS07,0.0,0.0
BOS202404150,BOS,CLE,BOS07,0.0,1365.64
BOS202404160,BOS,CLE,BOS07,0.0,0.0
BOS202404170,BOS,CLE,BOS07,0.0,0.0
BOS202404180,BOS,CLE,BOS07,0.0,0.0
BOS202404260,BOS,CHN,BOS07,0.0,1365.64
BOS202404270,BOS,CHN,BOS07,0.0,0.0
BOS202404280,BOS,CHN,BOS07,0.0,0.0
BOS202404300,BOS,SFN,BOS07,0.0,435.63
BOS202405010,BOS,SFN,BOS07,0.0,0.0
BOS202405020,BOS,SFN,BOS07,0.0,0.0
BOS202405100,BOS,WAS,BOS07,0.0,1365.64
BOS202405110,BOS,WAS,BOS07,0.0,0.0
BOS202405120,BOS,WAS,BOS07,0.0,0.0
BOS202405130,BOS,TBA,BOS07,0.0,1365.64
BOS202405140,BOS,TBA,BOS07,0.0,0.0
BOS202405150,BOS,TBA,BOS07,0.0,0.0
BOS202405160,BOS,TBA,BOS07,0.0,0.0
BOS202405240,BOS,MIL,BOS07,0.0,435.63
BOS202405250,BOS,MIL,BOS07,0.0,0.0
BOS202405260,BOS,MIL,BOS07,0.0,0.0
BOS202405300,BOS,DET,BOS07,0.0,1365.64
BOS202405310,BOS,DET,BOS07,0.0,0.0
BOS202406010,BOS,DET,BOS07,0.0,0.0
BOS202406020,BOS,DET,BOS07,0.0,0.0
BOS202406040,BOS,ATL,BOS07,0.0,1365.64
BOS202406050,BOS,ATL,BOS07,0.0,0.0
BOS202406110,BOS,PHI,BOS07,0.0,435.63
BOS202406120,BOS,PHI,BOS07,0.0,0.0
BOS202406130,BOS,PHI,BOS07,0.0,0.0
BOS202406140,BOS,NYA,BOS07,0.0,1365.64
BOS202406150,BOS,NYA,BOS07,0.0,0.0
BOS202406160,BOS,NYA,BOS07,0.0,0.0
BOS202406240,BOS,TOR,BOS07,0.0,1365.64
BOS202406250,BOS,TOR,BOS07,0.0,0.0
BOS202406260,BOS,TOR,BOS07,0.0,0.0
BOS202406280,BOS,SDN,BOS07,0.0,435.63
BOS202406290,BOS,SDN,BOS07,0.0,0.0
BOS202406300,BOS,SDN,BOS07,0.0,0.0
BOS202407090,BOS,OAK,BOS07,0.0,1365.64
BOS202407100,BOS,OAK,BOS07,0.0,0.0
BOS202407110,BOS,OAK,BOS07,0.0,0.0
BOS202407120,BOS,KCA,BOS07,0.0,1365.64
BOS202407130,BOS,KCA,BOS07,0.0,0.0
BOS202407140,BOS,KCA,BOS07,0.0,0.0
BOS202407260,BOS,NYA,BOS07,0.0,0.0
BOS202407270,BOS,NYA,BOS07,0.0,0.0
BOS202407280,BOS,NYA,BOS07,0.0,0.0
BOS202407290,BOS,SEA,BOS07,0.0,1365.64
BOS202407300,BOS,SEA,BOS07,0.0,0.0
BOS202407310,BOS,SEA,BOS07,0.0,0.0
BOS202408090,BOS,HOU,BOS07,0.0,1365.64
BOS202408100,BOS,HOU,BOS07,0.0,0.0
BOS202408110,BOS,HOU,BOS07,0.0,0.0
BOS202408120,BOS,TEX,BOS07,0.0,1365.64
BOS202408130,BOS,TEX,BOS07,0.0,0.0
BOS202408140,BOS,TEX,BOS07,0.0,0.0
BOS202408230,BOS,ARI,BOS07,0.0,435.63
BOS202408240,BOS,ARI,BOS07,0.0,0.0
BOS202408250,BOS,ARI,BOS07,0.0,0.0
BOS202408260,BOS,TOR,BOS07,0.0,0.0
BOS202408270,BOS,TOR,BOS07,0.0,0.0
BOS202408280,BOS,TOR,BOS07,0.0,0.0
BOS202408290,BOS,TOR,BOS07,0.0,0.0
BOS202409060,BOS,CHA,BOS07,0.0,1365.64
BOS202409070,BOS,CHA,BOS07,0.0,0.0
BOS202409080,BOS,CHA,BOS07,0.0,0.0
BOS202409090,BOS,BAL,BOS07,0.0,0.0
BOS202409100,BOS,BAL,BOS07,0.0,0.0
BOS202409110,BOS,BAL,BOS07,0.0,0.0
BOS202409200,BOS,MIN,BOS07,0.0,1365.64
BOS202409221,BOS,MIN,BOS07,0.0,0.0
BOS202409222,BOS,MIN,BOS07,0.0,0.0
BOS202409270,BOS,TBA,BOS07,0.0,0.0
BOS202409280,BOS,TBA,BOS07,0.0,0.0
BOS202409290,BOS,TBA,BOS07,0.0,0.0
