player_id,last,first,bats,throws,team_id,pos,player_name,year,team_name
bagbj102,Bagby,Jim,R,R,CLE,P,Jim Bagby,1945,"AL,Cleveland,Indians"
benjs101,Benjamin,Stan,R,R,CLE,OF,Stan Benjamin,1945,"AL,Cleveland,Indians"
boudl101,Boudreau,Lou,R,R,CLE,SS,Lou Boudreau,1945,"AL,Cleveland,Indians"
calvp101,Calvert,Paul,R,R,CLE,P,Paul Calvert,1945,"AL,Cleveland,Indians"
carne101,Carnett,Eddie,L,L,CLE,OF,Eddie Carnett,1945,"AL,Cleveland,Indians"
centp101,Center,Pete,R,R,CLE,P,Pete Center,1945,"AL,Cleveland,Indians"
cihoa101,Cihocki,Al,R,R,CLE,SS,Al Cihocki,1945,"AL,Cleveland,Indians"
cullr101,Cullenbine,Roy,B,R,CLE,OF,Roy Cullenbine,1945,"AL,Cleveland,Indians"
desag101,Desautels,Gene,R,R,CLE,C,Gene Desautels,1945,"AL,Cleveland,Indians"
embrr101,Embree,Red,R,R,CLE,P,Red Embree,1945,"AL,Cleveland,Indians"
fellb101,Feller,Bob,R,R,CLE,P,Bob Feller,1945,"AL,Cleveland,Indians"
fleml101,Fleming,Les,L,L,CLE,OF,Les Fleming,1945,"AL,Cleveland,Indians"
groms101,Gromek,Steve,B,R,CLE,P,Steve Gromek,1945,"AL,Cleveland,Indians"
hardm101,Harder,Mel,R,R,CLE,P,Mel Harder,1945,"AL,Cleveland,Indians"
hayef101,Hayes,Frankie,R,R,CLE,C,Frankie Hayes,1945,"AL,Cleveland,Indians"
heatj101,Heath,Jeff,L,R,CLE,OF,Jeff Heath,1945,"AL,Cleveland,Indians"
henre101,Henry,Earl,L,L,CLE,P,Earl Henry,1945,"AL,Cleveland,Indians"
hoagm101,Hoag,Myril,R,R,CLE,OF,Myril Hoag,1945,"AL,Cleveland,Indians"
kleih101,Kleine,Hal,L,L,CLE,P,Hal Kleine,1945,"AL,Cleveland,Indians"
kliee101,Klieman,Ed,R,R,CLE,P,Ed Klieman,1945,"AL,Cleveland,Indians"
mackf102,Mackiewicz,Felix,R,R,CLE,OF,Felix Mackiewicz,1945,"AL,Cleveland,Indians"
mcdoj101,McDonnell,Jim,L,R,CLE,C,Jim McDonnell,1945,"AL,Cleveland,Indians"
meyed101,Meyer,Dutch,R,R,CLE,2B,Dutch Meyer,1945,"AL,Cleveland,Indians"
odeap101,O'Dea,Paul,L,L,CLE,OF,Paul O'Dea,1945,"AL,Cleveland,Indians"
reyna102,Reynolds,Allie,R,R,CLE,P,Allie Reynolds,1945,"AL,Cleveland,Indians"
roccm101,Rocco,Mickey,L,L,CLE,1B,Mickey Rocco,1945,"AL,Cleveland,Indians"
rossd101,Ross,Don,R,R,CLE,3B,Don Ross,1945,"AL,Cleveland,Indians"
rothb103,Rothel,Bob,R,R,CLE,3B,Bob Rothel,1945,"AL,Cleveland,Indians"
ruszh101,Ruszkowski,Hank,R,R,CLE,C,Hank Ruszkowski,1945,"AL,Cleveland,Indians"
salvj101,Salveson,Jack,R,R,CLE,P,Jack Salveson,1945,"AL,Cleveland,Indians"
seerp101,Seerey,Pat,R,R,CLE,OF,Pat Seerey,1945,"AL,Cleveland,Indians"
smita104,Smith,Al,L,L,CLE,P,Al Smith,1945,"AL,Cleveland,Indians"
steir102,Steiner,Red,L,R,CLE,C,Red Steiner,1945,"AL,Cleveland,Indians"
weine101,Weingartner,Elmer,R,R,CLE,SS,Elmer Weingartner,1945,"AL,Cleveland,Indians"
wheee101,Wheeler,Ed,R,R,CLE,3B,Ed Wheeler,1945,"AL,Cleveland,Indians"
willp102,Williams,Papa,R,R,CLE,1B,Papa Williams,1945,"AL,Cleveland,Indians"
benta101,Benton,Al,R,R,DET,P,Al Benton,1945,"AL,Detroit,Tigers"
boror101,Borom,Red,L,R,DET,2B,Red Borom,1945,"AL,Detroit,Tigers"
bridt101,Bridges,Tommy,R,R,DET,P,Tommy Bridges,1945,"AL,Detroit,Tigers"
castg101,Caster,George,R,R,DET,P,George Caster,1945,"AL,Detroit,Tigers"
cramd102,Cramer,Doc,L,R,DET,OF,Doc Cramer,1945,"AL,Detroit,Tigers"
cullr101,Cullenbine,Roy,B,R,DET,OF,Roy Cullenbine,1945,"AL,Detroit,Tigers"
eatoz101,Eaton,Zeb,R,R,DET,P,Zeb Eaton,1945,"AL,Detroit,Tigers"
greeh102,Greenberg,Hank,R,R,DET,OF,Hank Greenberg,1945,"AL,Detroit,Tigers"
hoovj101,Hoover,Joe,R,R,DET,SS,Joe Hoover,1945,"AL,Detroit,Tigers"
hostc101,Hostetler,Chuck,L,R,DET,OF,Chuck Hostetler,1945,"AL,Detroit,Tigers"
houta101,Houtteman,Art,R,R,DET,P,Art Houtteman,1945,"AL,Detroit,Tigers"
kernr101,Kerns,Russ,L,R,DET,PH,Russ Kerns,1945,"AL,Detroit,Tigers"
maieb101,Maier,Bob,R,R,DET,3B,Bob Maier,1945,"AL,Detroit,Tigers"
mayoe101,Mayo,Eddie,L,R,DET,2B,Eddie Mayo,1945,"AL,Detroit,Tigers"
mchaj101,McHale,John,L,R,DET,1B,John McHale,1945,"AL,Detroit,Tigers"
mclap102,McLaughlin,Pat,R,R,DET,P,Pat McLaughlin,1945,"AL,Detroit,Tigers"
mcnac101,McNabb,Carl,R,R,DET,PH,Carl McNabb,1945,"AL,Detroit,Tigers"
miere101,Mierkowicz,Ed,R,R,DET,OF,Ed Mierkowicz,1945,"AL,Detroit,Tigers"
millh101,Miller,Hack,R,R,DET,C,Hack Miller,1945,"AL,Detroit,Tigers"
muell101,Mueller,Les,R,R,DET,P,Les Mueller,1945,"AL,Detroit,Tigers"
newhh101,Newhouser,Hal,L,L,DET,P,Hal Newhouser,1945,"AL,Detroit,Tigers"
oanap101,Oana,Prince,R,R,DET,P,Prince Oana,1945,"AL,Detroit,Tigers"
orrej101,Orrell,Joe,R,R,DET,P,Joe Orrell,1945,"AL,Detroit,Tigers"
outlj101,Outlaw,Jimmy,R,R,DET,OF,Jimmy Outlaw,1945,"AL,Detroit,Tigers"
overs101,Overmire,Stubby,R,L,DET,P,Stubby Overmire,1945,"AL,Detroit,Tigers"
pierb101,Pierce,Billy,L,L,DET,P,Billy Pierce,1945,"AL,Detroit,Tigers"
richp101,Richards,Paul,R,R,DET,C,Paul Richards,1945,"AL,Detroit,Tigers"
rossd101,Ross,Don,R,R,DET,3B,Don Ross,1945,"AL,Detroit,Tigers"
swifb102,Swift,Bob,R,R,DET,C,Bob Swift,1945,"AL,Detroit,Tigers"
tobij103,Tobin,Jim,R,R,DET,P,Jim Tobin,1945,"AL,Detroit,Tigers"
troud101,Trout,Dizzy,R,R,DET,P,Dizzy Trout,1945,"AL,Detroit,Tigers"
trucv101,Trucks,Virgil,R,R,DET,P,Virgil Trucks,1945,"AL,Detroit,Tigers"
walkh101,Walker,Hub,L,R,DET,OF,Hub Walker,1945,"AL,Detroit,Tigers"
webbs101,Webb,Skeeter,R,R,DET,SS,Skeeter Webb,1945,"AL,Detroit,Tigers"
welcm101,Welch,Milt,R,R,DET,C,Milt Welch,1945,"AL,Detroit,Tigers"
wilsw102,Wilson,Walter,L,R,DET,P,Walter Wilson,1945,"AL,Detroit,Tigers"
yorkr101,York,Rudy,R,R,DET,1B,Rudy York,1945,"AL,Detroit,Tigers"
aderm101,Aderholt,Morrie,L,R,BSN,OF,Morrie Aderholt,1945,"NL,Boston,Braves"
andrn101,Andrews,Nate,R,R,BSN,P,Nate Andrews,1945,"NL,Boston,Braves"
barrr101,Barrett,Red,R,R,BSN,P,Red Barrett,1945,"NL,Boston,Braves"
cardb101,Cardoni,Ben,R,R,BSN,P,Ben Cardoni,1945,"NL,Boston,Braves"
coopm101,Cooper,Mort,R,R,BSN,P,Mort Cooper,1945,"NL,Boston,Braves"
cozac101,Cozart,Charlie,R,L,BSN,P,Charlie Cozart,1945,"NL,Boston,Braves"
culld101,Culler,Dick,R,R,BSN,SS,Dick Culler,1945,"NL,Boston,Braves"
drewf101,Drews,Frank,R,R,BSN,2B,Frank Drews,1945,"NL,Boston,Braves"
earlt101,Earley,Tom,R,R,BSN,P,Tom Earley,1945,"NL,Boston,Braves"
fettl101,Fette,Lou,R,R,BSN,P,Lou Fette,1945,"NL,Boston,Braves"
gillc102,Gillenwater,Carden,R,R,BSN,OF,Carden Gillenwater,1945,"NL,Boston,Braves"
hendd101,Hendrickson,Don,R,R,BSN,P,Don Hendrickson,1945,"NL,Boston,Braves"
hevij101,Heving,Joe,R,R,BSN,P,Joe Heving,1945,"NL,Boston,Braves"
hoffs101,Hofferth,Stew,R,R,BSN,C,Stew Hofferth,1945,"NL,Boston,Braves"
holmt101,Holmes,Tommy,L,L,BSN,OF,Tommy Holmes,1945,"NL,Boston,Braves"
hutci101,Hutchinson,Ira,R,R,BSN,P,Ira Hutchinson,1945,"NL,Boston,Braves"
hutcj101,Hutchings,Johnny,B,R,BSN,P,Johnny Hutchings,1945,"NL,Boston,Braves"
javea101,Javery,Al,R,R,BSN,P,Al Javery,1945,"NL,Boston,Braves"
joose101,Joost,Eddie,R,R,BSN,2B,Eddie Joost,1945,"NL,Boston,Braves"
klutc101,Kluttz,Clyde,R,R,BSN,C,Clyde Kluttz,1945,"NL,Boston,Braves"
lee-b103,Lee,Bill,R,R,BSN,P,Bill Lee,1945,"NL,Boston,Braves"
logab101,Logan,Bob,R,L,BSN,P,Bob Logan,1945,"NL,Boston,Braves"
mackj101,Mack,Joe,B,L,BSN,1B,Joe Mack,1945,"NL,Boston,Braves"
masip101,Masi,Phil,R,R,BSN,C,Phil Masi,1945,"NL,Boston,Braves"
medwj101,Medwick,Joe,R,R,BSN,OF,Joe Medwick,1945,"NL,Boston,Braves"
nelst101,Nelson,Tommy,R,R,BSN,3B,Tommy Nelson,1945,"NL,Boston,Braves"
niemb102,Nieman,Butch,L,L,BSN,OF,Butch Nieman,1945,"NL,Boston,Braves"
pylee101,Pyle,Ewald,L,L,BSN,P,Ewald Pyle,1945,"NL,Boston,Braves"
ramsb101,Ramsey,Bill,R,R,BSN,OF,Bill Ramsey,1945,"NL,Boston,Braves"
schah103,Schacker,Hal,R,R,BSN,P,Hal Schacker,1945,"NL,Boston,Braves"
shems101,Shemo,Steve,R,R,BSN,2B,Steve Shemo,1945,"NL,Boston,Braves"
shupv101,Shupe,Vince,L,L,BSN,1B,Vince Shupe,1945,"NL,Boston,Braves"
singe101,Singleton,Elmer,R,R,BSN,P,Elmer Singleton,1945,"NL,Boston,Braves"
tobij103,Tobin,Jim,R,R,BSN,P,Jim Tobin,1945,"NL,Boston,Braves"
ulism101,Ulicny,Mike,R,R,BSN,C,Mike Ulicny,1945,"NL,Boston,Braves"
walll102,Wallace,Lefty,L,L,BSN,P,Lefty Wallace,1945,"NL,Boston,Braves"
walln101,Wallen,Norm,R,R,BSN,3B,Norm Wallen,1945,"NL,Boston,Braves"
wents101,Wentzel,Stan,R,R,BSN,OF,Stan Wentzel,1945,"NL,Boston,Braves"
whitb107,Whitcher,Bob,L,L,BSN,P,Bob Whitcher,1945,"NL,Boston,Braves"
wietw101,Wietelmann,Whitey,B,R,BSN,2B,Whitey Wietelmann,1945,"NL,Boston,Braves"
workc101,Workman,Chuck,L,R,BSN,3B,Chuck Workman,1945,"NL,Boston,Braves"
wrige101,Wright,Ed,R,R,BSN,P,Ed Wright,1945,"NL,Boston,Braves"
appll101,Appling,Luke,R,R,CHA,SS,Luke Appling,1945,"AL,Chicago,White Sox"
bakef103,Baker,Floyd,L,R,CHA,3B,Floyd Baker,1945,"AL,Chicago,White Sox"
calde101,Caldwell,Earl,R,R,CHA,P,Earl Caldwell,1945,"AL,Chicago,White Sox"
castv101,Castino,Vince,R,R,CHA,C,Vince Castino,1945,"AL,Chicago,White Sox"
cucct101,Cuccinello,Tony,R,R,CHA,3B,Tony Cuccinello,1945,"AL,Chicago,White Sox"
curtg102,Curtright,Guy,R,R,CHA,OF,Guy Curtright,1945,"AL,Chicago,White Sox"
dickj102,Dickshot,Johnny,R,R,CHA,OF,Johnny Dickshot,1945,"AL,Chicago,White Sox"
dietb101,Dietrich,Bill,R,R,CHA,P,Bill Dietrich,1945,"AL,Chicago,White Sox"
farrk101,Farrell,Kerby,L,L,CHA,1B,Kerby Farrell,1945,"AL,Chicago,White Sox"
grovo101,Grove,Orval,R,R,CHA,P,Orval Grove,1945,"AL,Chicago,White Sox"
haynj101,Haynes,Joe,R,R,CHA,P,Joe Haynes,1945,"AL,Chicago,White Sox"
hocko101,Hockett,Oris,L,R,CHA,OF,Oris Hockett,1945,"AL,Chicago,White Sox"
humpj101,Humphries,Johnny,R,R,CHA,P,Johnny Humphries,1945,"AL,Chicago,White Sox"
johnj103,Johnson,Johnny,L,L,CHA,P,Johnny Johnson,1945,"AL,Chicago,White Sox"
lee-t101,Lee,Thornton,L,L,CHA,P,Thornton Lee,1945,"AL,Chicago,White Sox"
lopae101,Lopat,Eddie,L,L,CHA,P,Eddie Lopat,1945,"AL,Chicago,White Sox"
michc101,Michaels,Cass,R,R,CHA,SS,Cass Michaels,1945,"AL,Chicago,White Sox"
mosew101,Moses,Wally,L,L,CHA,OF,Wally Moses,1945,"AL,Chicago,White Sox"
muelb101,Mueller,Bill,R,R,CHA,OF,Bill Mueller,1945,"AL,Chicago,White Sox"
nageb101,Nagel,Bill,R,R,CHA,1B,Bill Nagel,1945,"AL,Chicago,White Sox"
orenj101,Orengo,Joe,R,R,CHA,3B,Joe Orengo,1945,"AL,Chicago,White Sox"
papif101,Papish,Frank,R,L,CHA,P,Frank Papish,1945,"AL,Chicago,White Sox"
reynd102,Reynolds,Danny,R,R,CHA,SS,Danny Reynolds,1945,"AL,Chicago,White Sox"
rossb102,Ross,Buck,R,R,CHA,P,Buck Ross,1945,"AL,Chicago,White Sox"
schar102,Schalk,Roy,R,R,CHA,2B,Roy Schalk,1945,"AL,Chicago,White Sox"
toucc101,Touchstone,Clay,R,R,CHA,P,Clay Touchstone,1945,"AL,Chicago,White Sox"
tresm101,Tresh,Mike,R,R,CHA,C,Mike Tresh,1945,"AL,Chicago,White Sox"
adamb101,Adams,Buster,R,R,PHI,OF,Buster Adams,1945,"NL,Philadelphia,Phillies"
andrs101,Andrews,Stan,R,R,PHI,C,Stan Andrews,1945,"NL,Philadelphia,Phillies"
antoj101,Antonelli,John,R,R,PHI,3B,John Antonelli,1945,"NL,Philadelphia,Phillies"
barrd101,Barrett,Dick,R,R,PHI,P,Dick Barrett,1945,"NL,Philadelphia,Phillies"
cabap101,Caballero,Putsy,R,R,PHI,3B,Putsy Caballero,1945,"NL,Philadelphia,Phillies"
chapb102,Chapman,Ben,R,R,PHI,OF,Ben Chapman,1945,"NL,Philadelphia,Phillies"
chetm101,Chetkovich,Mitch,R,R,PHI,P,Mitch Chetkovich,1945,"NL,Philadelphia,Phillies"
coffd101,Coffman,Dick,R,R,PHI,P,Dick Coffman,1945,"NL,Philadelphia,Phillies"
crawg101,Crawford,Glenn,L,R,PHI,OF,Glenn Crawford,1945,"NL,Philadelphia,Phillies"
danit101,Daniels,Tony,R,R,PHI,2B,Tony Daniels,1945,"NL,Philadelphia,Phillies"
dimav101,DiMaggio,Vince,R,R,PHI,OF,Vince DiMaggio,1945,"NL,Philadelphia,Phillies"
dingv101,Dinges,Vance,L,L,PHI,OF,Vance Dinges,1945,"NL,Philadelphia,Phillies"
flagw101,Flager,Wally,L,R,PHI,SS,Wally Flager,1945,"NL,Philadelphia,Phillies"
foxxj101,Foxx,Jimmie,R,R,PHI,1B,Jimmie Foxx,1945,"NL,Philadelphia,Phillies"
gouln101,Goulish,Nick,L,L,PHI,OF,Nick Goulish,1945,"NL,Philadelphia,Phillies"
gratd101,Grate,Don,R,R,PHI,P,Don Grate,1945,"NL,Philadelphia,Phillies"
hamng101,Hamner,Garvin,R,R,PHI,2B,Garvin Hamner,1945,"NL,Philadelphia,Phillies"
hamng102,Hamner,Granny,R,R,PHI,SS,Granny Hamner,1945,"NL,Philadelphia,Phillies"
hased101,Hasenmayer,Don,R,R,PHI,2B,Don Hasenmayer,1945,"NL,Philadelphia,Phillies"
juddo101,Judd,Oscar,L,L,PHI,P,Oscar Judd,1945,"NL,Philadelphia,Phillies"
karla101,Karl,Andy,R,R,PHI,P,Andy Karl,1945,"NL,Philadelphia,Phillies"
kennv101,Kennedy,Vern,L,R,PHI,P,Vern Kennedy,1945,"NL,Philadelphia,Phillies"
krauj101,Kraus,Jack,R,L,PHI,P,Jack Kraus,1945,"NL,Philadelphia,Phillies"
lee-b103,Lee,Bill,R,R,PHI,P,Bill Lee,1945,"NL,Philadelphia,Phillies"
leoni101,Leon,Izzy,R,R,PHI,P,Izzy Leon,1945,"NL,Philadelphia,Phillies"
lucil101,Lucier,Lou,R,R,PHI,P,Lou Lucier,1945,"NL,Philadelphia,Phillies"
lupit101,Lupien,Tony,L,L,PHI,1B,Tony Lupien,1945,"NL,Philadelphia,Phillies"
mancg101,Mancuso,Gus,R,R,PHI,C,Gus Mancuso,1945,"NL,Philadelphia,Phillies"
maund101,Mauney,Dick,R,R,PHI,P,Dick Mauney,1945,"NL,Philadelphia,Phillies"
montr101,Monteagudo,Rene,L,L,PHI,OF,Rene Monteagudo,1945,"NL,Philadelphia,Phillies"
mottb101,Mott,Bitsy,R,R,PHI,SS,Bitsy Mott,1945,"NL,Philadelphia,Phillies"
mulch101,Mulcahy,Hugh,R,R,PHI,P,Hugh Mulcahy,1945,"NL,Philadelphia,Phillies"
peacj101,Peacock,Johnny,L,R,PHI,C,Johnny Peacock,1945,"NL,Philadelphia,Phillies"
piccn101,Picciuto,Nick,R,R,PHI,3B,Nick Picciuto,1945,"NL,Philadelphia,Phillies"
powej106,Powell,Jake,R,R,PHI,OF,Jake Powell,1945,"NL,Philadelphia,Phillies"
raffk101,Raffensberger,Ken,R,L,PHI,P,Ken Raffensberger,1945,"NL,Philadelphia,Phillies"
rippc101,Ripple,Charlie,L,L,PHI,P,Charlie Ripple,1945,"NL,Philadelphia,Phillies"
schac101,Schanz,Charley,R,R,PHI,P,Charley Schanz,1945,"NL,Philadelphia,Phillies"
scotl101,Scott,Lefty,R,L,PHI,P,Lefty Scott,1945,"NL,Philadelphia,Phillies"
semia101,Seminick,Andy,R,R,PHI,C,Andy Seminick,1945,"NL,Philadelphia,Phillies"
spinh101,Spindel,Hal,R,R,PHI,C,Hal Spindel,1945,"NL,Philadelphia,Phillies"
sproc101,Sproull,Charlie,R,R,PHI,P,Charlie Sproull,1945,"NL,Philadelphia,Phillies"
tripc101,Triplett,Coaker,R,R,PHI,OF,Coaker Triplett,1945,"NL,Philadelphia,Phillies"
walce101,Walczak,Ed,R,R,PHI,2B,Ed Walczak,1945,"NL,Philadelphia,Phillies"
wasdj101,Wasdell,Jimmy,L,L,PHI,OF,Jimmy Wasdell,1945,"NL,Philadelphia,Phillies"
wyatw101,Wyatt,Whit,R,R,PHI,P,Whit Wyatt,1945,"NL,Philadelphia,Phillies"
applp101,Appleton,Pete,R,R,SLA,P,Pete Appleton,1945,"AL,St.Louis,Browns"
byrnm101,Byrnes,Milt,L,L,SLA,OF,Milt Byrnes,1945,"AL,St.Louis,Browns"
castg101,Caster,George,R,R,SLA,P,George Caster,1945,"AL,St.Louis,Browns"
chrim102,Christman,Mark,R,R,SLA,3B,Mark Christman,1945,"AL,St.Louis,Browns"
clare102,Clary,Ellis,R,R,SLA,3B,Ellis Clary,1945,"AL,St.Louis,Browns"
fannc101,Fannin,Cliff,L,R,SLA,P,Cliff Fannin,1945,"AL,St.Louis,Browns"
finnl101,Finney,Lou,L,R,SLA,OF,Lou Finney,1945,"AL,St.Louis,Browns"
grayp101,Gray,Pete,L,L,SLA,OF,Pete Gray,1945,"AL,St.Louis,Browns"
guttd101,Gutteridge,Don,R,R,SLA,2B,Don Gutteridge,1945,"AL,St.Louis,Browns"
haywr102,Hayworth,Red,R,R,SLA,C,Red Hayworth,1945,"AL,St.Louis,Browns"
holla101,Hollingsworth,Al,L,L,SLA,P,Al Hollingsworth,1945,"AL,St.Louis,Browns"
jakus101,Jakucki,Sig,R,R,SLA,P,Sig Jakucki,1945,"AL,St.Louis,Browns"
jonee102,Jones,Earl,L,L,SLA,P,Earl Jones,1945,"AL,St.Louis,Browns"
kramj101,Kramer,Jack,R,R,SLA,P,Jack Kramer,1945,"AL,St.Louis,Browns"
kreem101,Kreevich,Mike,R,R,SLA,OF,Mike Kreevich,1945,"AL,St.Louis,Browns"
laabc101,Laabs,Chet,R,R,SLA,OF,Chet Laabs,1945,"AL,St.Louis,Browns"
lamaa101,LaMacchia,Al,R,R,SLA,P,Al LaMacchia,1945,"AL,St.Louis,Browns"
mancf101,Mancuso,Frank,R,R,SLA,C,Frank Mancuso,1945,"AL,St.Louis,Browns"
martb101,Martin,Babe,R,R,SLA,OF,Babe Martin,1945,"AL,St.Louis,Browns"
mcqug101,McQuinn,George,L,L,SLA,1B,George McQuinn,1945,"AL,St.Louis,Browns"
millo101,Miller,Ox,R,R,SLA,P,Ox Miller,1945,"AL,St.Louis,Browns"
moorg104,Moore,Gene,L,L,SLA,OF,Gene Moore,1945,"AL,St.Louis,Browns"
muncb101,Muncrief,Bob,R,R,SLA,P,Bob Muncrief,1945,"AL,St.Louis,Browns"
pottn102,Potter,Nels,L,R,SLA,P,Nels Potter,1945,"AL,St.Louis,Browns"
sandd101,Sanders,Dee,R,R,SLA,P,Dee Sanders,1945,"AL,St.Louis,Browns"
schuj103,Schultz,Joe,L,R,SLA,C,Joe Schultz,1945,"AL,St.Louis,Browns"
schul101,Schulte,Len,R,R,SLA,3B,Len Schulte,1945,"AL,St.Louis,Browns"
shirt101,Shirley,Tex,B,R,SLA,P,Tex Shirley,1945,"AL,St.Louis,Browns"
stepv101,Stephens,Vern,R,R,SLA,SS,Vern Stephens,1945,"AL,St.Louis,Browns"
westl101,West,Lefty,R,L,SLA,P,Lefty West,1945,"AL,St.Louis,Browns"
zolds101,Zoldak,Sam,L,L,SLA,P,Sam Zoldak,1945,"AL,St.Louis,Browns"
astrj101,Astroth,Joe,R,R,PHA,C,Joe Astroth,1945,"AL,Philadelphia,Athletics"
berrj102,Berry,Joe,L,R,PHA,P,Joe Berry,1945,"AL,Philadelphia,Athletics"
blacd101,Black,Don,R,R,PHA,P,Don Black,1945,"AL,Philadelphia,Athletics"
bowlc101,Bowles,Charlie,R,R,PHA,P,Charlie Bowles,1945,"AL,Philadelphia,Athletics"
brana101,Brancato,Al,R,R,PHA,SS,Al Brancato,1945,"AL,Philadelphia,Athletics"
burnj101,Burns,Joe,R,R,PHA,OF,Joe Burns,1945,"AL,Philadelphia,Athletics"
busce101,Busch,Ed,R,R,PHA,SS,Ed Busch,1945,"AL,Philadelphia,Athletics"
chaps101,Chapman,Sam,R,R,PHA,OF,Sam Chapman,1945,"AL,Philadelphia,Athletics"
chrir101,Christopher,Russ,R,R,PHA,P,Russ Christopher,1945,"AL,Philadelphia,Athletics"
cicej101,Cicero,Joe,R,R,PHA,OF,Joe Cicero,1945,"AL,Philadelphia,Athletics"
connb103,Connelly,Bill,L,R,PHA,P,Bill Connelly,1945,"AL,Philadelphia,Athletics"
croww101,Crowson,Woody,R,R,PHA,P,Woody Crowson,1945,"AL,Philadelphia,Athletics"
drakl102,Drake,Larry,L,R,PHA,OF,Larry Drake,1945,"AL,Philadelphia,Athletics"
estab101,Estalella,Bobby,R,R,PHA,OF,Bobby Estalella,1945,"AL,Philadelphia,Athletics"
florj101,Flores,Jesse,R,R,PHA,P,Jesse Flores,1945,"AL,Philadelphia,Athletics"
fowld101,Fowler,Dick,R,R,PHA,P,Dick Fowler,1945,"AL,Philadelphia,Athletics"
garrf101,Garrison,Ford,R,R,PHA,OF,Ford Garrison,1945,"AL,Philadelphia,Athletics"
gassc101,Gassaway,Charlie,L,L,PHA,P,Charlie Gassaway,1945,"AL,Philadelphia,Athletics"
georg101,George,Greek,R,R,PHA,C,Greek George,1945,"AL,Philadelphia,Athletics"
gerks101,Gerkin,Steve,R,R,PHA,P,Steve Gerkin,1945,"AL,Philadelphia,Athletics"
halli101,Hall,Irv,R,R,PHA,2B,Irv Hall,1945,"AL,Philadelphia,Athletics"
hayef101,Hayes,Frankie,R,R,PHA,C,Frankie Hayes,1945,"AL,Philadelphia,Athletics"
kellg102,Kell,George,R,R,PHA,3B,George Kell,1945,"AL,Philadelphia,Athletics"
kishe101,Kish,Ernie,L,R,PHA,OF,Ernie Kish,1945,"AL,Philadelphia,Athletics"
knerl101,Knerr,Lou,R,R,PHA,P,Lou Knerr,1945,"AL,Philadelphia,Athletics"
marcp101,Marchildon,Phil,R,R,PHA,P,Phil Marchildon,1945,"AL,Philadelphia,Athletics"
mcghb101,McGhee,Bill,L,L,PHA,OF,Bill McGhee,1945,"AL,Philadelphia,Athletics"
metrc101,Metro,Charlie,R,R,PHA,OF,Charlie Metro,1945,"AL,Philadelphia,Athletics"
newsb101,Newsom,Bobo,R,R,PHA,P,Bobo Newsom,1945,"AL,Philadelphia,Athletics"
peckh101,Peck,Hal,L,L,PHA,OF,Hal Peck,1945,"AL,Philadelphia,Athletics"
pruej101,Pruett,Jim,R,R,PHA,C,Jim Pruett,1945,"AL,Philadelphia,Athletics"
rosab101,Rosar,Buddy,R,R,PHA,C,Buddy Rosar,1945,"AL,Philadelphia,Athletics"
rosel101,Rosenthal,Larry,L,L,PHA,OF,Larry Rosenthal,1945,"AL,Philadelphia,Athletics"
schec101,Scheib,Carl,R,R,PHA,P,Carl Scheib,1945,"AL,Philadelphia,Athletics"
siebd102,Siebert,Dick,L,L,PHA,1B,Dick Siebert,1945,"AL,Philadelphia,Athletics"
smitm105,Smith,Mayo,L,R,PHA,OF,Mayo Smith,1945,"AL,Philadelphia,Athletics"
wilkb101,Wilkins,Bobby,R,R,PHA,SS,Bobby Wilkins,1945,"AL,Philadelphia,Athletics"
barnv102,Barnhart,Vic,R,R,PIT,SS,Vic Barnhart,1945,"NL,Pittsburgh,Pirates"
barrj106,Barrett,Johnny,L,L,PIT,OF,Johnny Barrett,1945,"NL,Pittsburgh,Pirates"
beckb104,Beck,Boom-Boom,R,R,PIT,P,Boom-Boom Beck,1945,"NL,Pittsburgh,Pirates"
butcm101,Butcher,Max,R,R,PIT,P,Max Butcher,1945,"NL,Pittsburgh,Pirates"
cameh101,Camelli,Hank,R,R,PIT,C,Hank Camelli,1945,"NL,Pittsburgh,Pirates"
colmf101,Colman,Frank,L,L,PIT,1B,Frank Colman,1945,"NL,Pittsburgh,Pirates"
coscp101,Coscarart,Pete,R,R,PIT,2B,Pete Coscarart,1945,"NL,Pittsburgh,Pirates"
cuccc101,Cuccurullo,Cookie,L,L,PIT,P,Cookie Cuccurullo,1945,"NL,Pittsburgh,Pirates"
dahlb101,Dahlgren,Babe,R,R,PIT,1B,Babe Dahlgren,1945,"NL,Pittsburgh,Pirates"
davis101,Davis,Spud,R,R,PIT,C,Spud Davis,1945,"NL,Pittsburgh,Pirates"
ellib103,Elliott,Bob,R,R,PIT,3B,Bob Elliott,1945,"NL,Pittsburgh,Pirates"
gablk101,Gables,Ken,R,R,PIT,P,Ken Gables,1945,"NL,Pittsburgh,Pirates"
gerha101,Gerheauser,Al,L,L,PIT,P,Al Gerheauser,1945,"NL,Pittsburgh,Pirates"
giona101,Gionfriddo,Al,L,L,PIT,OF,Al Gionfriddo,1945,"NL,Pittsburgh,Pirates"
gustf101,Gustine,Frankie,R,R,PIT,SS,Frankie Gustine,1945,"NL,Pittsburgh,Pirates"
handl101,Handley,Lee,R,R,PIT,3B,Lee Handley,1945,"NL,Pittsburgh,Pirates"
lannj101,Lanning,Johnny,R,R,PIT,P,Johnny Lanning,1945,"NL,Pittsburgh,Pirates"
lopea102,Lopez,Al,R,R,PIT,C,Al Lopez,1945,"NL,Pittsburgh,Pirates"
obrit103,O'Brien,Tommy,R,R,PIT,OF,Tommy O'Brien,1945,"NL,Pittsburgh,Pirates"
ostef101,Ostermueller,Fritz,L,L,PIT,P,Fritz Ostermueller,1945,"NL,Pittsburgh,Pirates"
rescx101,Rescigno,Xavier,R,R,PIT,P,Xavier Rescigno,1945,"NL,Pittsburgh,Pirates"
rodgb101,Rodgers,Bill,L,L,PIT,PH,Bill Rodgers,1945,"NL,Pittsburgh,Pirates"
roe-p101,Roe,Preacher,R,L,PIT,P,Preacher Roe,1945,"NL,Pittsburgh,Pirates"
russj102,Russell,Jim,B,R,PIT,OF,Jim Russell,1945,"NL,Pittsburgh,Pirates"
salkb101,Salkeld,Bill,L,R,PIT,C,Bill Salkeld,1945,"NL,Pittsburgh,Pirates"
saltj101,Saltzgaver,Jack,L,R,PIT,2B,Jack Saltzgaver,1945,"NL,Pittsburgh,Pirates"
sewer101,Sewell,Rip,L,R,PIT,P,Rip Sewell,1945,"NL,Pittsburgh,Pirates"
starr101,Starr,Ray,R,R,PIT,P,Ray Starr,1945,"NL,Pittsburgh,Pirates"
strin101,Strincevich,Nick,R,R,PIT,P,Nick Strincevich,1945,"NL,Pittsburgh,Pirates"
vitej101,Vitelli,Joe,R,R,PIT,PR,Joe Vitelli,1945,"NL,Pittsburgh,Pirates"
wanel101,Waner,Lloyd,L,R,PIT,OF,Lloyd Waner,1945,"NL,Pittsburgh,Pirates"
zak-f101,Zak,Frankie,R,R,PIT,SS,Frankie Zak,1945,"NL,Pittsburgh,Pirates"
aderm101,Aderholt,Morrie,L,R,BRO,OF,Morrie Aderholt,1945,"NL,Brooklyn,Dodgers"
andrs101,Andrews,Stan,R,R,BRO,C,Stan Andrews,1945,"NL,Brooklyn,Dodgers"
basie101,Basinski,Eddie,R,R,BRO,SS,Eddie Basinski,1945,"NL,Brooklyn,Dodgers"
bordf101,Bordagaray,Frenchy,R,R,BRO,3B,Frenchy Bordagaray,1945,"NL,Brooklyn,Dodgers"
branr103,Branca,Ralph,R,R,BRO,P,Ralph Branca,1945,"NL,Brooklyn,Dodgers"
browt103,Brown,Tommy,R,R,BRO,SS,Tommy Brown,1945,"NL,Brooklyn,Dodgers"
bukec101,Buker,Cy,L,R,BRO,P,Cy Buker,1945,"NL,Brooklyn,Dodgers"
chapb102,Chapman,Ben,R,R,BRO,P,Ben Chapman,1945,"NL,Brooklyn,Dodgers"
corbc101,Corbitt,Claude,R,R,BRO,3B,Claude Corbitt,1945,"NL,Brooklyn,Dodgers"
crocc101,Crocker,Claude,R,R,BRO,P,Claude Crocker,1945,"NL,Brooklyn,Dodgers"
dantf101,Dantonio,Fats,R,R,BRO,C,Fats Dantonio,1945,"NL,Brooklyn,Dodgers"
davic103,Davis,Curt,R,R,BRO,P,Curt Davis,1945,"NL,Brooklyn,Dodgers"
dougj101,Douglas,John,L,L,BRO,1B,John Douglas,1945,"NL,Brooklyn,Dodgers"
durol101,Durocher,Leo,R,R,BRO,2B,Leo Durocher,1945,"NL,Brooklyn,Dodgers"
durrr101,Durrett,Red,L,L,BRO,OF,Red Durrett,1945,"NL,Brooklyn,Dodgers"
galaa101,Galan,Augie,B,R,BRO,1B,Augie Galan,1945,"NL,Brooklyn,Dodgers"
gregh102,Gregg,Hal,R,R,BRO,P,Hal Gregg,1945,"NL,Brooklyn,Dodgers"
hartb101,Hart,Bill,R,R,BRO,3B,Bill Hart,1945,"NL,Brooklyn,Dodgers"
hathr101,Hathaway,Ray,R,R,BRO,P,Ray Hathaway,1945,"NL,Brooklyn,Dodgers"
haywr101,Hayworth,Ray,R,R,BRO,C,Ray Hayworth,1945,"NL,Brooklyn,Dodgers"
hermb102,Herman,Babe,L,L,BRO,OF,Babe Herman,1945,"NL,Brooklyn,Dodgers"
herra101,Herring,Art,R,R,BRO,P,Art Herring,1945,"NL,Brooklyn,Dodgers"
kingc101,King,Clyde,B,R,BRO,P,Clyde King,1945,"NL,Brooklyn,Dodgers"
lombv101,Lombardi,Vic,L,L,BRO,P,Vic Lombardi,1945,"NL,Brooklyn,Dodgers"
lundd102,Lund,Don,R,R,BRO,PH,Don Lund,1945,"NL,Brooklyn,Dodgers"
nitco101,Nitcholas,Otho,R,R,BRO,P,Otho Nitcholas,1945,"NL,Brooklyn,Dodgers"
olmol101,Olmo,Luis,R,R,BRO,OF,Luis Olmo,1945,"NL,Brooklyn,Dodgers"
owenm101,Owen,Mickey,R,R,BRO,C,Mickey Owen,1945,"NL,Brooklyn,Dodgers"
palie101,Palica,Erv,R,R,BRO,PR,Erv Palica,1945,"NL,Brooklyn,Dodgers"
peacj101,Peacock,Johnny,L,R,BRO,C,Johnny Peacock,1945,"NL,Brooklyn,Dodgers"
pfunl101,Pfund,Lee,R,R,BRO,P,Lee Pfund,1945,"NL,Brooklyn,Dodgers"
roseg101,Rosen,Goody,L,L,BRO,OF,Goody Rosen,1945,"NL,Brooklyn,Dodgers"
rudoe101,Rudolph,Ernie,L,R,BRO,P,Ernie Rudolph,1945,"NL,Brooklyn,Dodgers"
sandm101,Sandlock,Mike,B,R,BRO,C,Mike Sandlock,1945,"NL,Brooklyn,Dodgers"
schuh101,Schultz,Howie,R,R,BRO,1B,Howie Schultz,1945,"NL,Brooklyn,Dodgers"
seatt101,Seats,Tom,R,L,BRO,P,Tom Seats,1945,"NL,Brooklyn,Dodgers"
stane101,Stanky,Eddie,R,R,BRO,2B,Eddie Stanky,1945,"NL,Brooklyn,Dodgers"
steve101,Stevens,Ed,L,L,BRO,1B,Ed Stevens,1945,"NL,Brooklyn,Dodgers"
sukec101,Sukeforth,Clyde,L,R,BRO,C,Clyde Sukeforth,1945,"NL,Brooklyn,Dodgers"
walkd101,Walker,Dixie,L,R,BRO,OF,Dixie Walker,1945,"NL,Brooklyn,Dodgers"
webbl102,Webber,Les,R,R,BRO,P,Les Webber,1945,"NL,Brooklyn,Dodgers"
whitb106,White,Barney,R,R,BRO,3B,Barney White,1945,"NL,Brooklyn,Dodgers"
adamb101,Adams,Buster,R,R,SLN,OF,Buster Adams,1945,"NL,St.Louis,Cardinals"
antoj101,Antonelli,John,R,R,SLN,3B,John Antonelli,1945,"NL,St.Louis,Cardinals"
barrr101,Barrett,Red,R,R,SLN,P,Red Barrett,1945,"NL,St.Louis,Cardinals"
bartd102,Bartosch,Dave,R,R,SLN,OF,Dave Bartosch,1945,"NL,St.Louis,Cardinals"
berga102,Bergamo,Augie,L,L,SLN,OF,Augie Bergamo,1945,"NL,St.Louis,Cardinals"
brech101,Brecheen,Harry,L,L,SLN,P,Harry Brecheen,1945,"NL,St.Louis,Cardinals"
burkk101,Burkhart,Ken,R,R,SLN,P,Ken Burkhart,1945,"NL,St.Louis,Cardinals"
byerb103,Byerly,Bud,R,R,SLN,P,Bud Byerly,1945,"NL,St.Louis,Cardinals"
coopm101,Cooper,Mort,R,R,SLN,P,Mort Cooper,1945,"NL,St.Louis,Cardinals"
coopw102,Cooper,Walker,R,R,SLN,C,Walker Cooper,1945,"NL,St.Louis,Cardinals"
crawg101,Crawford,Glenn,L,R,SLN,OF,Glenn Crawford,1945,"NL,St.Louis,Cardinals"
creej101,Creel,Jack,R,R,SLN,P,Jack Creel,1945,"NL,St.Louis,Cardinals"
croub103,Crouch,Bill,B,R,SLN,P,Bill Crouch,1945,"NL,St.Louis,Cardinals"
crumg101,Crumling,Gene,R,R,SLN,C,Gene Crumling,1945,"NL,St.Louis,Cardinals"
dockg101,Dockins,George,L,L,SLN,P,George Dockins,1945,"NL,St.Louis,Cardinals"
donnb101,Donnelly,Blix,R,R,SLN,P,Blix Donnelly,1945,"NL,St.Louis,Cardinals"
fallg101,Fallon,George,R,R,SLN,SS,George Fallon,1945,"NL,St.Louis,Cardinals"
gardg101,Gardner,Glenn,R,R,SLN,P,Glenn Gardner,1945,"NL,St.Louis,Cardinals"
garmd101,Garms,Debs,L,R,SLN,3B,Debs Garms,1945,"NL,St.Louis,Cardinals"
hoppj102,Hopp,Johnny,L,L,SLN,OF,Johnny Hopp,1945,"NL,St.Louis,Cardinals"
juria101,Jurisich,Al,R,R,SLN,P,Al Jurisich,1945,"NL,St.Louis,Cardinals"
keelb101,Keely,Bob,R,R,SLN,C,Bob Keely,1945,"NL,St.Louis,Cardinals"
kleil101,Klein,Lou,R,R,SLN,OF,Lou Klein,1945,"NL,St.Louis,Cardinals"
kurow101,Kurowski,Whitey,R,R,SLN,3B,Whitey Kurowski,1945,"NL,St.Louis,Cardinals"
lanim101,Lanier,Max,R,L,SLN,P,Max Lanier,1945,"NL,St.Louis,Cardinals"
lopaa101,Lopatka,Art,B,L,SLN,P,Art Lopatka,1945,"NL,St.Louis,Cardinals"
mallj101,Mallory,Jim,R,R,SLN,OF,Jim Mallory,1945,"NL,St.Louis,Cardinals"
marim101,Marion,Marty,R,R,SLN,SS,Marty Marion,1945,"NL,St.Louis,Cardinals"
odeak101,O'Dea,Ken,L,R,SLN,C,Ken O'Dea,1945,"NL,St.Louis,Cardinals"
parts101,Partenheimer,Stan,R,L,SLN,P,Stan Partenheimer,1945,"NL,St.Louis,Cardinals"
rebea101,Rebel,Art,L,L,SLN,OF,Art Rebel,1945,"NL,St.Louis,Cardinals"
riced101,Rice,Del,R,R,SLN,C,Del Rice,1945,"NL,St.Louis,Cardinals"
sandr102,Sanders,Ray,L,R,SLN,1B,Ray Sanders,1945,"NL,St.Louis,Cardinals"
schor101,Schoendienst,Red,B,R,SLN,OF,Red Schoendienst,1945,"NL,St.Louis,Cardinals"
verbe101,Verban,Emil,R,R,SLN,2B,Emil Verban,1945,"NL,St.Louis,Cardinals"
wilkt101,Wilks,Ted,R,R,SLN,P,Ted Wilks,1945,"NL,St.Louis,Cardinals"
younp101,Young,Pep,R,R,SLN,SS,Pep Young,1945,"NL,St.Louis,Cardinals"
beckh102,Becker,Heinz,B,R,CHN,1B,Heinz Becker,1945,"NL,Chicago,Cubs"
blocc101,Block,Cy,R,R,CHN,2B,Cy Block,1945,"NL,Chicago,Cubs"
boroh101,Borowy,Hank,R,R,CHN,P,Hank Borowy,1945,"NL,Chicago,Cubs"
cavap101,Cavarretta,Phil,L,L,CHN,1B,Phil Cavarretta,1945,"NL,Chicago,Cubs"
chipb101,Chipman,Bob,L,L,CHN,P,Bob Chipman,1945,"NL,Chicago,Cubs"
chril102,Christopher,Loyd,R,R,CHN,OF,Loyd Christopher,1945,"NL,Chicago,Cubs"
comej101,Comellas,Jorge,R,R,CHN,P,Jorge Comellas,1945,"NL,Chicago,Cubs"
derrp101,Derringer,Paul,R,R,CHN,P,Paul Derringer,1945,"NL,Chicago,Cubs"
ericp101,Erickson,Paul,R,R,CHN,P,Paul Erickson,1945,"NL,Chicago,Cubs"
gillp103,Gillespie,Paul,L,R,CHN,C,Paul Gillespie,1945,"NL,Chicago,Cubs"
hacks101,Hack,Stan,L,R,CHN,3B,Stan Hack,1945,"NL,Chicago,Cubs"
hanye101,Hanyzewski,Ed,R,R,CHN,P,Ed Hanyzewski,1945,"NL,Chicago,Cubs"
henng101,Hennessey,George,R,R,CHN,P,George Hennessey,1945,"NL,Chicago,Cubs"
hughr101,Hughes,Roy,R,R,CHN,SS,Roy Hughes,1945,"NL,Chicago,Cubs"
johnd101,Johnson,Don,R,R,CHN,2B,Don Johnson,1945,"NL,Chicago,Cubs"
livim101,Livingston,Mickey,R,R,CHN,C,Mickey Livingston,1945,"NL,Chicago,Cubs"
lowrp101,Lowrey,Peanuts,R,R,CHN,OF,Peanuts Lowrey,1945,"NL,Chicago,Cubs"
mccuc101,McCullough,Clyde,R,R,CHN,PH,Clyde McCullough,1945,"NL,Chicago,Cubs"
merul101,Merullo,Lennie,R,R,CHN,SS,Lennie Merullo,1945,"NL,Chicago,Cubs"
moorj104,Moore,Johnny,L,R,CHN,PH,Johnny Moore,1945,"NL,Chicago,Cubs"
nichb101,Nicholson,Bill,L,R,CHN,OF,Bill Nicholson,1945,"NL,Chicago,Cubs"
ostrj102,Ostrowski,Johnny,R,R,CHN,3B,Johnny Ostrowski,1945,"NL,Chicago,Cubs"
oterr101,Otero,Reggie,L,R,CHN,1B,Reggie Otero,1945,"NL,Chicago,Cubs"
pafka101,Pafko,Andy,R,R,CHN,OF,Andy Pafko,1945,"NL,Chicago,Cubs"
passc101,Passeau,Claude,R,R,CHN,P,Claude Passeau,1945,"NL,Chicago,Cubs"
primr101,Prim,Ray,R,L,CHN,P,Ray Prim,1945,"NL,Chicago,Cubs"
ricel101,Rice,Len,R,R,CHN,C,Len Rice,1945,"NL,Chicago,Cubs"
sauee101,Sauer,Ed,R,R,CHN,OF,Ed Sauer,1945,"NL,Chicago,Cubs"
schub102,Schuster,Bill,R,R,CHN,SS,Bill Schuster,1945,"NL,Chicago,Cubs"
secof101,Secory,Frank,R,R,CHN,OF,Frank Secory,1945,"NL,Chicago,Cubs"
signw101,Signer,Walter,R,R,CHN,P,Walter Signer,1945,"NL,Chicago,Cubs"
starr101,Starr,Ray,R,R,CHN,P,Ray Starr,1945,"NL,Chicago,Cubs"
stewm101,Stewart,Mack,R,R,CHN,P,Mack Stewart,1945,"NL,Chicago,Cubs"
vandh101,Vandenberg,Hy,R,R,CHN,P,Hy Vandenberg,1945,"NL,Chicago,Cubs"
warnl101,Warneke,Lon,R,R,CHN,P,Lon Warneke,1945,"NL,Chicago,Cubs"
willd109,Williams,Dewey,R,R,CHN,C,Dewey Williams,1945,"NL,Chicago,Cubs"
wyseh101,Wyse,Hank,R,R,CHN,P,Hank Wyse,1945,"NL,Chicago,Cubs"
beckb104,Beck,Boom-Boom,R,R,CIN,P,Boom-Boom Beck,1945,"NL,Cincinnati,Reds"
bossm101,Bosser,Mel,R,R,CIN,P,Mel Bosser,1945,"NL,Cincinnati,Reds"
bowmj101,Bowman,Joe,L,R,CIN,P,Joe Bowman,1945,"NL,Cincinnati,Reds"
bushg101,Bush,Guy,R,R,CIN,P,Guy Bush,1945,"NL,Cincinnati,Reds"
carta101,Carter,Arnold,L,L,CIN,P,Arnold Carter,1945,"NL,Cincinnati,Reds"
clayd101,Clay,Dain,R,R,CIN,OF,Dain Clay,1945,"NL,Cincinnati,Reds"
dassf101,Dasso,Frank,R,R,CIN,P,Frank Dasso,1945,"NL,Cincinnati,Reds"
flagw101,Flager,Wally,L,R,CIN,SS,Wally Flager,1945,"NL,Cincinnati,Reds"
fox-h101,Fox,Howie,R,R,CIN,P,Howie Fox,1945,"NL,Cincinnati,Reds"
harre101,Harrist,Earl,R,R,CIN,P,Earl Harrist,1945,"NL,Cincinnati,Reds"
hetkj101,Hetki,Johnny,R,R,CIN,P,Johnny Hetki,1945,"NL,Cincinnati,Reds"
heuse101,Heusser,Ed,B,R,CIN,P,Ed Heusser,1945,"NL,Cincinnati,Reds"
justj101,Just,Joe,R,R,CIN,C,Joe Just,1945,"NL,Cincinnati,Reds"
kennv101,Kennedy,Vern,L,R,CIN,P,Vern Kennedy,1945,"NL,Cincinnati,Reds"
lakea101,Lakeman,Al,R,R,CIN,C,Al Lakeman,1945,"NL,Cincinnati,Reds"
libka101,Libke,Al,L,R,CIN,OF,Al Libke,1945,"NL,Cincinnati,Reds"
liseh101,Lisenbee,Hod,R,R,CIN,P,Hod Lisenbee,1945,"NL,Cincinnati,Reds"
lukoe101,Lukon,Eddie,L,L,CIN,OF,Eddie Lukon,1945,"NL,Cincinnati,Reds"
mccof101,McCormick,Frank,R,R,CIN,1B,Frank McCormick,1945,"NL,Cincinnati,Reds"
meder101,Medeiros,Ray,R,R,CIN,PR,Ray Medeiros,1945,"NL,Cincinnati,Reds"
mesns101,Mesner,Steve,R,R,CIN,3B,Steve Mesner,1945,"NL,Cincinnati,Reds"
mille104,Miller,Eddie,R,R,CIN,SS,Eddie Miller,1945,"NL,Cincinnati,Reds"
modam101,Modak,Mike,R,R,CIN,P,Mike Modak,1945,"NL,Cincinnati,Reds"
ridde101,Riddle,Elmer,R,R,CIN,P,Elmer Riddle,1945,"NL,Cincinnati,Reds"
riddj101,Riddle,Johnny,R,R,CIN,C,Johnny Riddle,1945,"NL,Cincinnati,Reds"
saueh101,Sauer,Hank,R,R,CIN,OF,Hank Sauer,1945,"NL,Cincinnati,Reds"
siped101,Sipek,Dick,L,R,CIN,OF,Dick Sipek,1945,"NL,Cincinnati,Reds"
tipte101,Tipton,Eric,R,R,CIN,OF,Eric Tipton,1945,"NL,Cincinnati,Reds"
unsea101,Unser,Al,R,R,CIN,C,Al Unser,1945,"NL,Cincinnati,Reds"
wahlk101,Wahl,Kermit,R,R,CIN,2B,Kermit Wahl,1945,"NL,Cincinnati,Reds"
walkg101,Walker,Gee,R,R,CIN,OF,Gee Walker,1945,"NL,Cincinnati,Reds"
waltb102,Walters,Bucky,R,R,CIN,P,Bucky Walters,1945,"NL,Cincinnati,Reds"
wehmh101,Wehmeier,Herm,R,R,CIN,P,Herm Wehmeier,1945,"NL,Cincinnati,Reds"
willw101,Williams,Woody,R,R,CIN,2B,Woody Williams,1945,"NL,Cincinnati,Reds"
barrf104,Barrett,Frank,R,R,BOS,P,Frank Barrett,1945,"AL,Boston,Red Sox"
bowmj101,Bowman,Joe,L,R,BOS,P,Joe Bowman,1945,"AL,Boston,Red Sox"
buchj101,Bucher,Jim,L,R,BOS,3B,Jim Bucher,1945,"AL,Boston,Red Sox"
camid102,Camilli,Dolph,L,L,BOS,1B,Dolph Camilli,1945,"AL,Boston,Red Sox"
cecir101,Cecil,Rex,L,R,BOS,P,Rex Cecil,1945,"AL,Boston,Red Sox"
chril102,Christopher,Loyd,R,R,BOS,OF,Loyd Christopher,1945,"AL,Boston,Red Sox"
claro101,Clark,Otey,R,L,BOS,P,Otey Clark,1945,"AL,Boston,Red Sox"
cronj101,Cronin,Joe,R,R,BOS,3B,Joe Cronin,1945,"AL,Boston,Red Sox"
culbl101,Culberson,Leon,R,R,BOS,OF,Leon Culberson,1945,"AL,Boston,Red Sox"
dreic101,Dreisewerd,Clem,L,L,BOS,P,Clem Dreisewerd,1945,"AL,Boston,Red Sox"
ferrd101,Ferriss,Dave,L,R,BOS,P,Dave Ferriss,1945,"AL,Boston,Red Sox"
finnl101,Finney,Lou,L,R,BOS,PH,Lou Finney,1945,"AL,Boston,Red Sox"
fox-p102,Fox,Pete,R,R,BOS,OF,Pete Fox,1945,"AL,Boston,Red Sox"
garbb102,Garbark,Bob,R,R,BOS,C,Bob Garbark,1945,"AL,Boston,Red Sox"
hausc101,Hausmann,Clem,R,R,BOS,P,Clem Hausmann,1945,"AL,Boston,Red Sox"
heflr101,Heflin,Randy,L,R,BOS,P,Randy Heflin,1945,"AL,Boston,Red Sox"
holmb101,Holm,Billy,R,R,BOS,C,Billy Holm,1945,"AL,Boston,Red Sox"
johnb102,Johnson,Bob,R,R,BOS,OF,Bob Johnson,1945,"AL,Boston,Red Sox"
johnv101,Johnson,Vic,R,L,BOS,P,Vic Johnson,1945,"AL,Boston,Red Sox"
juddo101,Judd,Oscar,L,L,BOS,P,Oscar Judd,1945,"AL,Boston,Red Sox"
lafot101,LaForest,Ty,R,R,BOS,3B,Ty LaForest,1945,"AL,Boston,Red Sox"
lakee101,Lake,Eddie,R,R,BOS,SS,Eddie Lake,1945,"AL,Boston,Red Sox"
lazoj101,Lazor,Johnny,L,R,BOS,OF,Johnny Lazor,1945,"AL,Boston,Red Sox"
mcbrt101,McBride,Tom,R,R,BOS,OF,Tom McBride,1945,"AL,Boston,Red Sox"
metkg101,Metkovich,George,L,L,BOS,1B,George Metkovich,1945,"AL,Boston,Red Sox"
newss101,Newsome,Skeeter,R,R,BOS,2B,Skeeter Newsome,1945,"AL,Boston,Red Sox"
oneie102,O'Neill,Emmett,R,R,BOS,P,Emmett O'Neill,1945,"AL,Boston,Red Sox"
polln101,Polly,Nick,R,R,BOS,3B,Nick Polly,1945,"AL,Boston,Red Sox"
pytlf101,Pytlak,Frankie,R,R,BOS,C,Frankie Pytlak,1945,"AL,Boston,Red Sox"
rybam101,Ryba,Mike,R,R,BOS,P,Mike Ryba,1945,"AL,Boston,Red Sox"
steib101,Steiner,Ben,L,R,BOS,2B,Ben Steiner,1945,"AL,Boston,Red Sox"
steir102,Steiner,Red,L,R,BOS,C,Red Steiner,1945,"AL,Boston,Red Sox"
terry101,Terry,Yank,R,R,BOS,P,Yank Terry,1945,"AL,Boston,Red Sox"
tobij102,Tobin,Jackie,L,R,BOS,3B,Jackie Tobin,1945,"AL,Boston,Red Sox"
waltf101,Walters,Fred,R,R,BOS,C,Fred Walters,1945,"AL,Boston,Red Sox"
wilsj104,Wilson,Jim,R,R,BOS,P,Jim Wilson,1945,"AL,Boston,Red Sox"
woodp102,Woods,Pinky,R,R,BOS,P,Pinky Woods,1945,"AL,Boston,Red Sox"
beveb101,Bevens,Bill,R,R,NYA,P,Bill Bevens,1945,"AL,New York,Yankees"
bonht101,Bonham,Tiny,R,R,NYA,P,Tiny Bonham,1945,"AL,New York,Yankees"
boroh101,Borowy,Hank,R,R,NYA,P,Hank Borowy,1945,"AL,New York,Yankees"
buzaj101,Buzas,Joe,R,R,NYA,SS,Joe Buzas,1945,"AL,New York,Yankees"
chans101,Chandler,Spud,R,R,NYA,P,Spud Chandler,1945,"AL,New York,Yankees"
cromh101,Crompton,Herb,R,R,NYA,C,Herb Crompton,1945,"AL,New York,Yankees"
crosf103,Crosetti,Frankie,R,R,NYA,SS,Frankie Crosetti,1945,"AL,New York,Yankees"
derrr101,Derry,Russ,L,R,NYA,OF,Russ Derry,1945,"AL,New York,Yankees"
donaa101,Donald,Atley,L,R,NYA,P,Atley Donald,1945,"AL,New York,Yankees"
dresb102,Drescher,Bill,L,R,NYA,C,Bill Drescher,1945,"AL,New York,Yankees"
dubim101,Dubiel,Monk,R,R,NYA,P,Monk Dubiel,1945,"AL,New York,Yankees"
etten101,Etten,Nick,L,L,NYA,1B,Nick Etten,1945,"AL,New York,Yankees"
garbm101,Garbark,Mike,R,R,NYA,C,Mike Garbark,1945,"AL,New York,Yankees"
getta101,Gettel,Al,R,R,NYA,P,Al Gettel,1945,"AL,New York,Yankees"
grimo101,Grimes,Oscar,R,R,NYA,3B,Oscar Grimes,1945,"AL,New York,Yankees"
holck101,Holcombe,Ken,R,R,NYA,P,Ken Holcombe,1945,"AL,New York,Yankees"
kellc101,Keller,Charlie,L,R,NYA,OF,Charlie Keller,1945,"AL,New York,Yankees"
lindj101,Lindell,Johnny,R,R,NYA,OF,Johnny Lindell,1945,"AL,New York,Yankees"
marth101,Martin,Hersh,B,R,NYA,OF,Hersh Martin,1945,"AL,New York,Yankees"
methb101,Metheny,Bud,L,L,NYA,OF,Bud Metheny,1945,"AL,New York,Yankees"
milom101,Milosevich,Mike,R,R,NYA,SS,Mike Milosevich,1945,"AL,New York,Yankees"
pagej101,Page,Joe,L,L,NYA,P,Joe Page,1945,"AL,New York,Yankees"
robia101,Robinson,Aaron,L,R,NYA,C,Aaron Robinson,1945,"AL,New York,Yankees"
roses101,Roser,Steve,R,R,NYA,P,Steve Roser,1945,"AL,New York,Yankees"
ruffr101,Ruffing,Red,R,R,NYA,P,Red Ruffing,1945,"AL,New York,Yankees"
savad101,Savage,Don,R,R,NYA,3B,Don Savage,1945,"AL,New York,Yankees"
schrp102,Schreiber,Paul,R,R,NYA,P,Paul Schreiber,1945,"AL,New York,Yankees"
stait101,Stainback,Tuck,R,R,NYA,OF,Tuck Stainback,1945,"AL,New York,Yankees"
stirs101,Stirnweiss,Snuffy,R,R,NYA,2B,Snuffy Stirnweiss,1945,"AL,New York,Yankees"
turnj102,Turner,Jim,L,R,NYA,P,Jim Turner,1945,"AL,New York,Yankees"
wanep101,Waner,Paul,L,L,NYA,PH,Paul Waner,1945,"AL,New York,Yankees"
zubeb101,Zuber,Bill,R,R,NYA,P,Bill Zuber,1945,"AL,New York,Yankees"
